Index,Name,Engine,FuelType,KM,Year,Price,Location
0,Renault Clio Lovely High Spec Clio,1.1,Petrol,87750,2017,12500,Dublin
1,Renault Captur dCi 90 Expression,1.5,Diesel,107000,2018,16950,Kildare
2,Renault Clio E-tech HEV 140 My20 Hybrid Available,1.6,Petrol,20,2022,30870,Carlow
3,Renault Grand Scenic 1.5 DCI Expression 110 110BH,1.5,Diesel,241401,2011,5950,Dublin
4,Renault MEGANE E-TECH Hatchback,1,Petrol,-1,2022,45488,Louth
5,Renault clio IV Dynamique,1.1,Petrol,106000,2013,8450,Meath
6,"Renault Clio, 2010",1.1,Petrol,-1,2010,3999,Meath
7,"Renault Grand Scenic, 2012 1.5 DCI",1.5,Diesel,-1,2012,-1,Meath
8,Renault Grand Scenic 1.5 DCI Dynamique NAV 110BHP,1.5,Diesel,165242,2018,10950,Carlow
9,Renault Clio 1.5 DCI Dynamique NAV S/S 2016,1.5,Diesel,-1,2016,3250,Tipperary
10,Renault Laguna 2010,1.5,Diesel,-1,2010,18990,Donegal
11,Renault Megane Sport Tourer Iconic TCE 5DR,1.3,Petrol,49265,2019,3250,Limerick
12,2010 Renault Fluence just NCT passed,1.5,Diesel,186000,2010,7900,Kerry
13,Renault Grand Scenic Long Nct  Leather  Pristine,1.5,Diesel,160934,2012,1650,Dublin
14,"Renault Clio, 2007",1.1,Petrol,201772,2007,14600,Kilkenny
15,Renault Trafic Trafic Ll29 Energy DCI 125 BUS,1.6,Diesel,130548,2017,16995,Galway
16,Renault Grand Scenic 1.5 DCI  bose 7 Seater,1.5,Diesel,122103,2016,20745,Louth
17,Renault Clio Dynamique TCe 90,1,Petrol,11014,2022,6850,Dublin
18,Renault Megane 2008,2,Petrol,-1,2008,5600,Donegal
19,Renault Laguna 2010,2,Diesel,-1,2010,13950,Limerick
20,Renault Fluence 1.5 Limited Saloon Diesel Manual,1.5,Diesel,183295,2016,13695,Cork
21,2017 Renault Clio Dynamique 1.2 16V Petrol Low KMs,1.1,Petrol,-1,2017,10695,Limerick
22,2016 Renault Fluence Limited Edition 1.5 dci,1.5,Diesel,156855,2016,16995,Limerick
23,Renault KADJAR Alloy Wheels  Chrome Trim  Front F,1.5,Diesel,79800,2016,6350,Waterford
24,2013 RENAULT CLIO 1.2 PETROL NCT 7/23 TAXED 1/23,1.2,Petrol,145000,2013,1750,Kerry
25,Renault Conquest Scenic 1.5dci Nct 11 23,1.5,Diesel,-1,2008,17995,Westmeath
26,Renault Clio Automatic Lights and Wipers  Multifu,1,Petrol,60872,2021,22250,Waterford
27,"Renault Kadjar, 1.5 DCI **NEW MODEL/IMMACULATE**",1.5,Diesel,-1,2019,25490,Roscommon
28,Renault KADJAR S-edition Blue dCi,1.5,Diesel,29200,2019,26951,Cork
29,Renault Scenic Play Blue DCI 120 My18,1.8,Diesel,9,2020,18450,Kildare
30,Renault KADJAR 1.5 Diesel Dynamique S Nav,1.5,Diesel,124612,2017,15495,Clare
31,Renault Laguna 2009,1.9,Diesel,181000,2009,20995,Sligo
32,** € 9 PER DAY ** 191 RENAULT CLIO,0.9,Petrol,54786,2019,41950,Waterford
33,** € 9 PER DAY ** 191 RENAULT CLIO,0.9,Petrol,54786,2019,60239,Waterford
34,Renault KADJAR 1.5 dCi 110 Energy Dynamique Nav,1.5,Diesel,118668,2018,47950,Dublin
35,Renault KADJAR 1.5 dCi 110 Energy Dynamique Nav,1.5,Diesel,118668,2018,11950,Dublin
36,Volkswagen Tiguan 2.0 TDI 150HP R-line,1,Petrol,-1,2022,11950,Louth
37,Audi A4 Reserve for January 2023 35 TDI 163HP S-T,1,Petrol,-1,2022,12500,Louth
38,Audi Q3 35 TDI 150HP S Tronic SE,1,Petrol,-1,2022,12500,Louth
39,Renault Zoe Expression,0,Electric,59984,2016,5950,Carlow
40,2013 RENAULT FLUENCE,1.5,Diesel,125000,2013,45488,Dublin
41,Renault Clio Lovely High Spec Clio,1.1,Petrol,87750,2017,8450,Dublin
42,Renault Grand Scenic 1.5 DCI Expression 110 110BH,1.5,Diesel,241401,2011,3999,Dublin
43,Renault MEGANE E-TECH Hatchback,1,Petrol,-1,2022,-1,Louth
44,Renault clio IV Dynamique,1.1,Petrol,106000,2013,10950,Meath
45,"Renault Clio, 2010",1.1,Petrol,-1,2010,3250,Meath
46,"Renault Grand Scenic, 2012 1.5 DCI",1.5,Diesel,-1,2012,18990,Meath
47,Renault Grand Scenic 1.5 DCI Dynamique NAV 110BHP,1.5,Diesel,165242,2018,3250,Carlow
48,Renault Clio 1.5 DCI Dynamique NAV S/S 2016,1.5,Diesel,-1,2016,7900,Tipperary
49,Renault Laguna 2010,1.5,Diesel,-1,2010,1650,Donegal
50,Renault Megane Sport Tourer Iconic TCE 5DR,1.3,Petrol,49265,2019,14600,Limerick
51,2010 Renault Fluence just NCT passed,1.5,Diesel,186000,2010,16995,Kerry
52,Renault Grand Scenic Long Nct  Leather  Pristine,1.5,Diesel,160934,2012,20745,Dublin
53,"Renault Clio, 2007",1.1,Petrol,201772,2007,6850,Kilkenny
54,Renault Trafic Trafic Ll29 Energy DCI 125 BUS,1.6,Diesel,130548,2017,5600,Galway
55,Renault Grand Scenic 1.5 DCI  bose 7 Seater,1.5,Diesel,122103,2016,13950,Louth
56,Renault Clio Dynamique TCe 90,1,Petrol,11014,2022,13695,Dublin
57,Renault Megane 2008,2,Petrol,-1,2008,10695,Donegal
58,Renault Laguna 2010,2,Diesel,-1,2010,16995,Limerick
59,Renault Fluence 1.5 Limited Saloon Diesel Manual,1.5,Diesel,183295,2016,6350,Cork
60,2017 Renault Clio Dynamique 1.2 16V Petrol Low KMs,1.1,Petrol,-1,2017,1750,Limerick
61,2016 Renault Fluence Limited Edition 1.5 dci,1.5,Diesel,156855,2016,17995,Limerick
62,Renault KADJAR Alloy Wheels  Chrome Trim  Front F,1.5,Diesel,79800,2016,22250,Waterford
63,2013 RENAULT CLIO 1.2 PETROL NCT 7/23 TAXED 1/23,1.2,Petrol,145000,2013,25490,Kerry
64,Renault Conquest Scenic 1.5dci Nct 11 23,1.5,Diesel,-1,2008,26951,Westmeath
65,Renault Clio Automatic Lights and Wipers  Multifu,1,Petrol,60872,2021,18450,Waterford
66,"Renault Kadjar, 1.5 DCI **NEW MODEL/IMMACULATE**",1.5,Diesel,-1,2019,15495,Roscommon
67,Renault KADJAR S-edition Blue dCi,1.5,Diesel,29200,2019,20995,Cork
68,Renault Scenic Play Blue DCI 120 My18,1.8,Diesel,9,2020,10495,Kildare
69,Renault Scenic Play Blue DCI 120 My18,1.8,Diesel,9,2020,25995,Kildare
70,Renault KADJAR 1.5 Diesel Dynamique S Nav,1.5,Diesel,124612,2017,10495,Clare
71,Renault KADJAR 1.5 Diesel Dynamique S Nav,1.5,Diesel,124612,2017,18495,Clare
72,Renault Laguna 2009,1.9,Diesel,181000,2009,18495,Sligo
73,Renault Laguna 2009,1.9,Diesel,181000,2009,3250,Sligo
74,** € 9 PER DAY ** 191 RENAULT CLIO,0.9,Petrol,54786,2019,3250,Waterford
75,** € 9 PER DAY ** 191 RENAULT CLIO,0.9,Petrol,54786,2019,8395,Waterford
76,Renault KADJAR 1.5 dCi 110 Energy Dynamique Nav,1.5,Diesel,118668,2018,8395,Dublin
77,Renault KADJAR 1.5 dCi 110 Energy Dynamique Nav,1.5,Diesel,118668,2018,5950,Dublin
78,Nissan Micra March 1.2 5DR Auto air/con bluetooth,1,Petrol,-1,2022,5950,Louth
79,Nissan X-Trail Tekna Dci full Black Leather Inter,1,Petrol,-1,2022,45488,Louth
80,Nissan March Micra 1.2 5DR Auto air/con bluetooth,1,Petrol,-1,2022,45488,Louth
81,Renault Megane GT NAV TCE 205 EDC Hatch,1.6,Petrol,83500,2017,8450,Carlow
82,"Renault Clio,TOM TOM EDITION NCT 04/23 RT 04/23",1.1,Petrol,-1,2009,3999,Louth
83,Simply Stunning Renault Clio,1.1,Petrol,-1,2013,-1,Dublin
84,Renault Grand Scenic 1.5 DCI Expression 110 110BH,1.5,Diesel,241401,2011,10950,Dublin
85,Renault MEGANE E-TECH Hatchback,1,Petrol,-1,2022,3250,Louth
86,Renault clio IV Dynamique,1.1,Petrol,106000,2013,18990,Meath
87,"Renault Grand Scenic, 2012 1.5 DCI",1.5,Diesel,-1,2012,7900,Meath
88,Renault Grand Scenic 1.5 DCI Dynamique NAV 110BHP,1.5,Diesel,165242,2018,1650,Carlow
89,Renault Clio 1.5 DCI Dynamique NAV S/S 2016,1.5,Diesel,-1,2016,14600,Tipperary
90,Renault Laguna 2010,1.5,Diesel,-1,2010,16995,Donegal
91,Renault Megane Sport Tourer Iconic TCE 5DR,1.3,Petrol,49265,2019,20745,Limerick
92,2010 Renault Fluence just NCT passed,1.5,Diesel,186000,2010,6850,Kerry
93,Renault Grand Scenic Long Nct  Leather  Pristine,1.5,Diesel,160934,2012,5600,Dublin
94,"Renault Clio, 2007",1.1,Petrol,201772,2007,13950,Kilkenny
95,Renault Trafic Trafic Ll29 Energy DCI 125 BUS,1.6,Diesel,130548,2017,13695,Galway
96,Renault Grand Scenic 1.5 DCI  bose 7 Seater,1.5,Diesel,122103,2016,10695,Louth
97,Renault Clio Dynamique TCe 90,1,Petrol,11014,2022,16995,Dublin
98,Renault Megane 2008,2,Petrol,-1,2008,6350,Donegal
99,Renault Laguna 2010,2,Diesel,-1,2010,1750,Limerick
100,Renault Fluence 1.5 Limited Saloon Diesel Manual,1.5,Diesel,183295,2016,17995,Cork
101,2017 Renault Clio Dynamique 1.2 16V Petrol Low KMs,1.1,Petrol,-1,2017,22250,Limerick
102,2016 Renault Fluence Limited Edition 1.5 dci,1.5,Diesel,156855,2016,25490,Limerick
103,Renault KADJAR Alloy Wheels  Chrome Trim  Front F,1.5,Diesel,79800,2016,26951,Waterford
104,2013 RENAULT CLIO 1.2 PETROL NCT 7/23 TAXED 1/23,1.2,Petrol,145000,2013,18450,Kerry
105,Renault Conquest Scenic 1.5dci Nct 11 23,1.5,Diesel,-1,2008,15495,Westmeath
106,Renault Clio Automatic Lights and Wipers  Multifu,1,Petrol,60872,2021,20995,Waterford
107,"Renault Kadjar, 1.5 DCI **NEW MODEL/IMMACULATE**",1.5,Diesel,-1,2019,10495,Roscommon
108,"Renault Kadjar, 1.5 DCI **NEW MODEL/IMMACULATE**",1.5,Diesel,-1,2019,25995,Roscommon
109,Renault KADJAR S-edition Blue dCi,1.5,Diesel,29200,2019,10495,Cork
110,Renault KADJAR S-edition Blue dCi,1.5,Diesel,29200,2019,17950,Cork
111,Renault Scenic Play Blue DCI 120 My18,1.8,Diesel,9,2020,17950,Kildare
112,Renault Scenic Play Blue DCI 120 My18,1.8,Diesel,9,2020,4500,Kildare
113,Renault KADJAR 1.5 Diesel Dynamique S Nav,1.5,Diesel,124612,2017,4500,Clare
114,Renault KADJAR 1.5 Diesel Dynamique S Nav,1.5,Diesel,124612,2017,13295,Clare
115,Renault Laguna 2009,1.9,Diesel,181000,2009,13295,Sligo
116,Renault Laguna 2009,1.9,Diesel,181000,2009,5950,Sligo
117,** € 9 PER DAY ** 191 RENAULT CLIO,0.9,Petrol,54786,2019,5950,Waterford
118,** € 9 PER DAY ** 191 RENAULT CLIO,0.9,Petrol,54786,2019,45488,Waterford
119,Renault KADJAR 1.5 dCi 110 Energy Dynamique Nav,1.5,Diesel,118668,2018,45488,Dublin
120,Renault KADJAR 1.5 dCi 110 Energy Dynamique Nav,1.5,Diesel,118668,2018,8450,Dublin
121,Nissan Micra March 1.2 5DR Auto air/con bluetooth,1,Petrol,-1,2022,8450,Louth
122,Nissan X-Trail Tekna Dci full Black Leather Inter,1,Petrol,-1,2022,3999,Louth
123,Nissan March Micra 1.2 5DR Auto air/con bluetooth,1,Petrol,-1,2022,3999,Louth
124,Renault Megane 1.3 TCe 140 GPF Play (059) 914177,1.3,Petrol,50500,2019,-1,Carlow
125,Renault Fluence 2012,1.5,Diesel,140686,2012,10950,Limerick
126,"Renault Captur, 2016",1.5,Diesel,74552,2016,3250,Dublin
127,Renault Grand Scenic 1.5 DCI Expression 110 110BH,1.5,Diesel,241401,2011,18990,Dublin
128,Renault clio IV Dynamique,1.1,Petrol,106000,2013,7900,Meath
129,"Renault Clio, 2010",1.1,Petrol,-1,2010,1650,Meath
130,"Renault Grand Scenic, 2012 1.5 DCI",1.5,Diesel,-1,2012,14600,Meath
131,Renault Grand Scenic 1.5 DCI Dynamique NAV 110BHP,1.5,Diesel,165242,2018,16995,Carlow
132,Renault Clio 1.5 DCI Dynamique NAV S/S 2016,1.5,Diesel,-1,2016,20745,Tipperary
133,Renault Laguna 2010,1.5,Diesel,-1,2010,6850,Donegal
134,Renault Megane Sport Tourer Iconic TCE 5DR,1.3,Petrol,49265,2019,5600,Limerick
135,2010 Renault Fluence just NCT passed,1.5,Diesel,186000,2010,13950,Kerry
136,Renault Grand Scenic Long Nct  Leather  Pristine,1.5,Diesel,160934,2012,13695,Dublin
137,"Renault Clio, 2007",1.1,Petrol,201772,2007,10695,Kilkenny
138,Renault Grand Scenic 1.5 DCI  bose 7 Seater,1.5,Diesel,122103,2016,6350,Louth
139,Renault Clio Dynamique TCe 90,1,Petrol,11014,2022,1750,Dublin
140,Renault Megane 2008,2,Petrol,-1,2008,17995,Donegal
141,Renault Laguna 2010,2,Diesel,-1,2010,22250,Limerick
142,Renault Fluence 1.5 Limited Saloon Diesel Manual,1.5,Diesel,183295,2016,25490,Cork
143,2017 Renault Clio Dynamique 1.2 16V Petrol Low KMs,1.1,Petrol,-1,2017,26951,Limerick
144,2016 Renault Fluence Limited Edition 1.5 dci,1.5,Diesel,156855,2016,18450,Limerick
145,Renault KADJAR Alloy Wheels  Chrome Trim  Front F,1.5,Diesel,79800,2016,15495,Waterford
146,2013 RENAULT CLIO 1.2 PETROL NCT 7/23 TAXED 1/23,1.2,Petrol,145000,2013,20995,Kerry
147,Renault Conquest Scenic 1.5dci Nct 11 23,1.5,Diesel,-1,2008,17449,Westmeath
148,Renault Conquest Scenic 1.5dci Nct 11 23,1.5,Diesel,-1,2008,55949,Westmeath
149,Renault Clio Automatic Lights and Wipers  Multifu,1,Petrol,60872,2021,33949,Waterford
150,Renault Clio Automatic Lights and Wipers  Multifu,1,Petrol,60872,2021,4500,Waterford
151,"Renault Kadjar, 1.5 DCI **NEW MODEL/IMMACULATE**",1.5,Diesel,-1,2019,4500,Roscommon
152,"Renault Kadjar, 1.5 DCI **NEW MODEL/IMMACULATE**",1.5,Diesel,-1,2019,26950,Roscommon
153,Renault KADJAR S-edition Blue dCi,1.5,Diesel,29200,2019,26950,Cork
154,Renault KADJAR S-edition Blue dCi,1.5,Diesel,29200,2019,34950,Cork
155,Renault Scenic Play Blue DCI 120 My18,1.8,Diesel,9,2020,34950,Kildare
156,Renault Scenic Play Blue DCI 120 My18,1.8,Diesel,9,2020,5950,Kildare
157,Renault KADJAR 1.5 Diesel Dynamique S Nav,1.5,Diesel,124612,2017,5950,Clare
158,Renault KADJAR 1.5 Diesel Dynamique S Nav,1.5,Diesel,124612,2017,45488,Clare
159,Renault Laguna 2009,1.9,Diesel,181000,2009,45488,Sligo
160,Renault Laguna 2009,1.9,Diesel,181000,2009,8450,Sligo
161,** € 9 PER DAY ** 191 RENAULT CLIO,0.9,Petrol,54786,2019,8450,Waterford
162,** € 9 PER DAY ** 191 RENAULT CLIO,0.9,Petrol,54786,2019,3999,Waterford
163,Renault KADJAR 1.5 dCi 110 Energy Dynamique Nav,1.5,Diesel,118668,2018,3999,Dublin
164,Renault KADJAR 1.5 dCi 110 Energy Dynamique Nav,1.5,Diesel,118668,2018,-1,Dublin
165,Toyota Auris 1.2t Luna Call Today Ph (01) 4606070,1,Petrol,-1,2022,-1,Louth
166,Toyota Rav4 2.5 AWD Plug In Hybrid Sport Call Tod,1,Petrol,-1,2022,10950,Louth
167,Mitsubishi Outlander 2.2d Black Line 4WD 7 Seater,1,Petrol,-1,2022,10950,Louth
168,Renault Fluence 2012,1.5,Diesel,140686,2012,3250,Limerick
169,Renault KADJAR Iconic Blue DCI 115 (059)9141377,1.5,Diesel,42600,2020,18990,Carlow
170,Renault Arkana R.s. Line TCE 140 Auto Mild Hybrid,1.3,Petrol,29015,2021,3250,Carlow
171,Renault Grand Scenic 1.5 DCI Expression 110 110BH,1.5,Diesel,241401,2011,7900,Dublin
172,Renault MEGANE E-TECH Hatchback,1,Petrol,-1,2022,1650,Louth
173,Renault clio IV Dynamique,1.1,Petrol,106000,2013,14600,Meath
174,"Renault Clio, 2010",1.1,Petrol,-1,2010,16995,Meath
175,"Renault Grand Scenic, 2012 1.5 DCI",1.5,Diesel,-1,2012,20745,Meath
176,Renault Grand Scenic 1.5 DCI Dynamique NAV 110BHP,1.5,Diesel,165242,2018,6850,Carlow
177,Renault Clio 1.5 DCI Dynamique NAV S/S 2016,1.5,Diesel,-1,2016,5600,Tipperary
178,Renault Laguna 2010,1.5,Diesel,-1,2010,13950,Donegal
179,Renault Megane Sport Tourer Iconic TCE 5DR,1.3,Petrol,49265,2019,13695,Limerick
180,2010 Renault Fluence just NCT passed,1.5,Diesel,186000,2010,10695,Kerry
181,Renault Grand Scenic Long Nct  Leather  Pristine,1.5,Diesel,160934,2012,16995,Dublin
182,"Renault Clio, 2007",1.1,Petrol,201772,2007,6350,Kilkenny
183,Renault Trafic Trafic Ll29 Energy DCI 125 BUS,1.6,Diesel,130548,2017,1750,Galway
184,Renault Grand Scenic 1.5 DCI  bose 7 Seater,1.5,Diesel,122103,2016,17995,Louth
185,Renault Clio Dynamique TCe 90,1,Petrol,11014,2022,22250,Dublin
186,Renault Megane 2008,2,Petrol,-1,2008,25490,Donegal
187,Renault Laguna 2010,2,Diesel,-1,2010,26951,Limerick
188,Renault Fluence 1.5 Limited Saloon Diesel Manual,1.5,Diesel,183295,2016,18450,Cork
189,2017 Renault Clio Dynamique 1.2 16V Petrol Low KMs,1.1,Petrol,-1,2017,15495,Limerick
190,2016 Renault Fluence Limited Edition 1.5 dci,1.5,Diesel,156855,2016,20995,Limerick
191,Renault KADJAR Alloy Wheels  Chrome Trim  Front F,1.5,Diesel,79800,2016,41950,Waterford
192,Renault KADJAR Alloy Wheels  Chrome Trim  Front F,1.5,Diesel,79800,2016,60239,Waterford
193,2013 RENAULT CLIO 1.2 PETROL NCT 7/23 TAXED 1/23,1.2,Petrol,145000,2013,47950,Kerry
194,2013 RENAULT CLIO 1.2 PETROL NCT 7/23 TAXED 1/23,1.2,Petrol,145000,2013,30870,Kerry
195,Renault Conquest Scenic 1.5dci Nct 11 23,1.5,Diesel,-1,2008,30870,Westmeath
196,Renault Conquest Scenic 1.5dci Nct 11 23,1.5,Diesel,-1,2008,6300,Westmeath
197,Renault Clio Automatic Lights and Wipers  Multifu,1,Petrol,60872,2021,6300,Waterford
198,Renault Clio Automatic Lights and Wipers  Multifu,1,Petrol,60872,2021,5950,Waterford
199,"Renault Kadjar, 1.5 DCI **NEW MODEL/IMMACULATE**",1.5,Diesel,-1,2019,5950,Roscommon
200,"Renault Kadjar, 1.5 DCI **NEW MODEL/IMMACULATE**",1.5,Diesel,-1,2019,45488,Roscommon
201,Renault KADJAR S-edition Blue dCi,1.5,Diesel,29200,2019,45488,Cork
202,Renault KADJAR S-edition Blue dCi,1.5,Diesel,29200,2019,8450,Cork
203,Renault Scenic Play Blue DCI 120 My18,1.8,Diesel,9,2020,8450,Kildare
204,Renault Scenic Play Blue DCI 120 My18,1.8,Diesel,9,2020,3999,Kildare
205,Renault KADJAR 1.5 Diesel Dynamique S Nav,1.5,Diesel,124612,2017,3999,Clare
206,Renault KADJAR 1.5 Diesel Dynamique S Nav,1.5,Diesel,124612,2017,-1,Clare
207,Renault Laguna 2009,1.9,Diesel,181000,2009,-1,Sligo
208,Renault Laguna 2009,1.9,Diesel,181000,2009,10950,Sligo
209,** € 9 PER DAY ** 191 RENAULT CLIO,0.9,Petrol,54786,2019,10950,Waterford
210,Renault KADJAR 1.5 dCi 110 Energy Dynamique Nav,1.5,Diesel,118668,2018,3250,Dublin
211,Renault KADJAR 1.5 dCi 110 Energy Dynamique Nav,1.5,Diesel,118668,2018,18990,Dublin
212,Volkswagen Tiguan 2.0 TDI 150HP R-line,1,Petrol,-1,2022,18990,Louth
213,Audi A4 Reserve for January 2023 35 TDI 163HP S-T,1,Petrol,-1,2022,3250,Louth
214,Audi Q3 35 TDI 150HP S Tronic SE,1,Petrol,-1,2022,3250,Louth
215,Renault Clio E-tech HEV 140 My20 Hybrid Available,1.6,Petrol,20,2022,7900,Carlow
216,Renault Grand Megane 2012,1.5,Diesel,129180,2012,1650,Wicklow
217,2013 RENAULT FLUENCE,1.5,Diesel,125000,2013,14600,Dublin
218,Renault Grand Scenic 1.5 DCI Expression 110 110BH,1.5,Diesel,241401,2011,16995,Dublin
219,Renault MEGANE E-TECH Hatchback,1,Petrol,-1,2022,20745,Louth
220,Renault clio IV Dynamique,1.1,Petrol,106000,2013,6850,Meath
221,"Renault Clio, 2010",1.1,Petrol,-1,2010,5600,Meath
222,"Renault Grand Scenic, 2012 1.5 DCI",1.5,Diesel,-1,2012,13950,Meath
223,Renault Grand Scenic 1.5 DCI Dynamique NAV 110BHP,1.5,Diesel,165242,2018,13695,Carlow
224,Renault Clio 1.5 DCI Dynamique NAV S/S 2016,1.5,Diesel,-1,2016,10695,Tipperary
225,Renault Megane Sport Tourer Iconic TCE 5DR,1.3,Petrol,49265,2019,6350,Limerick
226,2010 Renault Fluence just NCT passed,1.5,Diesel,186000,2010,1750,Kerry
227,Renault Grand Scenic Long Nct  Leather  Pristine,1.5,Diesel,160934,2012,17995,Dublin
228,"Renault Clio, 2007",1.1,Petrol,201772,2007,22250,Kilkenny
229,Renault Trafic Trafic Ll29 Energy DCI 125 BUS,1.6,Diesel,130548,2017,25490,Galway
230,Renault Grand Scenic 1.5 DCI  bose 7 Seater,1.5,Diesel,122103,2016,26951,Louth
231,Renault Clio Dynamique TCe 90,1,Petrol,11014,2022,18450,Dublin
232,Renault Megane 2008,2,Petrol,-1,2008,15495,Donegal
233,Renault Laguna 2010,2,Diesel,-1,2010,20995,Limerick
234,Renault Fluence 1.5 Limited Saloon Diesel Manual,1.5,Diesel,183295,2016,10495,Cork
235,Renault Fluence 1.5 Limited Saloon Diesel Manual,1.5,Diesel,183295,2016,25995,Cork
236,2017 Renault Clio Dynamique 1.2 16V Petrol Low KMs,1.1,Petrol,-1,2017,10495,Limerick
237,2017 Renault Clio Dynamique 1.2 16V Petrol Low KMs,1.1,Petrol,-1,2017,16950,Limerick
238,2016 Renault Fluence Limited Edition 1.5 dci,1.5,Diesel,156855,2016,16950,Limerick
239,2016 Renault Fluence Limited Edition 1.5 dci,1.5,Diesel,156855,2016,12500,Limerick
240,Renault KADJAR Alloy Wheels  Chrome Trim  Front F,1.5,Diesel,79800,2016,12500,Waterford
241,Renault KADJAR Alloy Wheels  Chrome Trim  Front F,1.5,Diesel,79800,2016,25950,Waterford
242,2013 RENAULT CLIO 1.2 PETROL NCT 7/23 TAXED 1/23,1.2,Petrol,145000,2013,25950,Kerry
243,2013 RENAULT CLIO 1.2 PETROL NCT 7/23 TAXED 1/23,1.2,Petrol,145000,2013,5950,Kerry
244,Renault Conquest Scenic 1.5dci Nct 11 23,1.5,Diesel,-1,2008,5950,Westmeath
245,Renault Conquest Scenic 1.5dci Nct 11 23,1.5,Diesel,-1,2008,45488,Westmeath
246,Renault Clio Automatic Lights and Wipers  Multifu,1,Petrol,60872,2021,45488,Waterford
247,Renault Clio Automatic Lights and Wipers  Multifu,1,Petrol,60872,2021,8450,Waterford
248,"Renault Kadjar, 1.5 DCI **NEW MODEL/IMMACULATE**",1.5,Diesel,-1,2019,8450,Roscommon
249,"Renault Kadjar, 1.5 DCI **NEW MODEL/IMMACULATE**",1.5,Diesel,-1,2019,3999,Roscommon
250,Renault KADJAR S-edition Blue dCi,1.5,Diesel,29200,2019,3999,Cork
251,Renault KADJAR S-edition Blue dCi,1.5,Diesel,29200,2019,-1,Cork
252,Renault Scenic Play Blue DCI 120 My18,1.8,Diesel,9,2020,-1,Kildare
253,Renault Scenic Play Blue DCI 120 My18,1.8,Diesel,9,2020,10950,Kildare
254,Renault KADJAR 1.5 Diesel Dynamique S Nav,1.5,Diesel,124612,2017,10950,Clare
255,Renault KADJAR 1.5 Diesel Dynamique S Nav,1.5,Diesel,124612,2017,3250,Clare
256,Renault Laguna 2009,1.9,Diesel,181000,2009,18990,Sligo
257,** € 9 PER DAY ** 191 RENAULT CLIO,0.9,Petrol,54786,2019,18990,Waterford
258,Renault KADJAR 1.5 dCi 110 Energy Dynamique Nav,1.5,Diesel,118668,2018,7900,Dublin
259,Nissan Micra March 1.2 5DR Auto air/con bluetooth,1,Petrol,-1,2022,7900,Louth
260,Nissan X-Trail Tekna Dci full Black Leather Inter,1,Petrol,-1,2022,1650,Louth
261,Nissan March Micra 1.2 5DR Auto air/con bluetooth,1,Petrol,-1,2022,1650,Louth
262,Renault Clio Dynamique TCE 100 My19 5DR V,1,Petrol,17999,2020,14600,Cork
263,Renault Clio Lovely High Spec Clio,1.1,Petrol,87750,2017,16995,Dublin
264,RENAULT MASTER 2.3 LM35 DCI BUSINESS,2.3,Diesel,91000,2020,20745,Wicklow
265,Renault Grand Scenic 1.5 DCI Expression 110 110BH,1.5,Diesel,241401,2011,6850,Dublin
266,Renault MEGANE E-TECH Hatchback,1,Petrol,-1,2022,5600,Louth
267,Renault clio IV Dynamique,1.1,Petrol,106000,2013,13950,Meath
268,"Renault Clio, 2010",1.1,Petrol,-1,2010,13695,Meath
269,"Renault Grand Scenic, 2012 1.5 DCI",1.5,Diesel,-1,2012,10695,Meath
270,Renault Clio 1.5 DCI Dynamique NAV S/S 2016,1.5,Diesel,-1,2016,6350,Tipperary
271,Renault Laguna 2010,1.5,Diesel,-1,2010,1750,Donegal
272,Renault Megane Sport Tourer Iconic TCE 5DR,1.3,Petrol,49265,2019,17995,Limerick
273,2010 Renault Fluence just NCT passed,1.5,Diesel,186000,2010,22250,Kerry
274,Renault Grand Scenic Long Nct  Leather  Pristine,1.5,Diesel,160934,2012,25490,Dublin
275,"Renault Clio, 2007",1.1,Petrol,201772,2007,26951,Kilkenny
276,Renault Trafic Trafic Ll29 Energy DCI 125 BUS,1.6,Diesel,130548,2017,18450,Galway
277,Renault Grand Scenic 1.5 DCI  bose 7 Seater,1.5,Diesel,122103,2016,15495,Louth
278,Renault Clio Dynamique TCe 90,1,Petrol,11014,2022,20995,Dublin
279,Renault Megane 2008,2,Petrol,-1,2008,10495,Donegal
280,Renault Megane 2008,2,Petrol,-1,2008,25995,Donegal
281,Renault Laguna 2010,2,Diesel,-1,2010,10495,Limerick
282,Renault Fluence 1.5 Limited Saloon Diesel Manual,1.5,Diesel,183295,2016,16995,Cork
283,Renault Fluence 1.5 Limited Saloon Diesel Manual,1.5,Diesel,183295,2016,19999,Cork
284,2017 Renault Clio Dynamique 1.2 16V Petrol Low KMs,1.1,Petrol,-1,2017,19999,Limerick
285,2017 Renault Clio Dynamique 1.2 16V Petrol Low KMs,1.1,Petrol,-1,2017,30870,Limerick
286,2016 Renault Fluence Limited Edition 1.5 dci,1.5,Diesel,156855,2016,30870,Limerick
287,2016 Renault Fluence Limited Edition 1.5 dci,1.5,Diesel,156855,2016,5950,Limerick
288,Renault KADJAR Alloy Wheels  Chrome Trim  Front F,1.5,Diesel,79800,2016,5950,Waterford
289,Renault KADJAR Alloy Wheels  Chrome Trim  Front F,1.5,Diesel,79800,2016,45488,Waterford
290,2013 RENAULT CLIO 1.2 PETROL NCT 7/23 TAXED 1/23,1.2,Petrol,145000,2013,45488,Kerry
291,2013 RENAULT CLIO 1.2 PETROL NCT 7/23 TAXED 1/23,1.2,Petrol,145000,2013,8450,Kerry
292,Renault Conquest Scenic 1.5dci Nct 11 23,1.5,Diesel,-1,2008,8450,Westmeath
293,Renault Conquest Scenic 1.5dci Nct 11 23,1.5,Diesel,-1,2008,3999,Westmeath
294,Renault Clio Automatic Lights and Wipers  Multifu,1,Petrol,60872,2021,3999,Waterford
295,Renault Clio Automatic Lights and Wipers  Multifu,1,Petrol,60872,2021,-1,Waterford
296,"Renault Kadjar, 1.5 DCI **NEW MODEL/IMMACULATE**",1.5,Diesel,-1,2019,-1,Roscommon
297,"Renault Kadjar, 1.5 DCI **NEW MODEL/IMMACULATE**",1.5,Diesel,-1,2019,10950,Roscommon
298,Renault KADJAR S-edition Blue dCi,1.5,Diesel,29200,2019,10950,Cork
299,Renault KADJAR S-edition Blue dCi,1.5,Diesel,29200,2019,3250,Cork
300,Renault Scenic Play Blue DCI 120 My18,1.8,Diesel,9,2020,3250,Kildare
301,Renault Scenic Play Blue DCI 120 My18,1.8,Diesel,9,2020,18990,Kildare
302,Renault KADJAR 1.5 Diesel Dynamique S Nav,1.5,Diesel,124612,2017,18990,Clare
303,Renault Laguna 2009,1.9,Diesel,181000,2009,7900,Sligo
304,** € 9 PER DAY ** 191 RENAULT CLIO,0.9,Petrol,54786,2019,7900,Waterford
305,** € 9 PER DAY ** 191 RENAULT CLIO,0.9,Petrol,54786,2019,1650,Waterford
306,Renault KADJAR 1.5 dCi 110 Energy Dynamique Nav,1.5,Diesel,118668,2018,1650,Dublin
307,Renault KADJAR 1.5 dCi 110 Energy Dynamique Nav,1.5,Diesel,118668,2018,14600,Dublin
308,Nissan Micra March 1.2 5DR Auto air/con bluetooth,1,Petrol,-1,2022,14600,Louth
309,Nissan X-Trail Tekna Dci full Black Leather Inter,1,Petrol,-1,2022,16995,Louth
310,Nissan March Micra 1.2 5DR Auto air/con bluetooth,1,Petrol,-1,2022,16995,Louth
311,"RENAULT CLIO 2019, GT LINE 1.0T €84 P/W",1,Petrol,-1,2019,20745,Waterford
312,Renault Captur Iconic 1.5 Dci Automatic,1.5,Diesel,-1,2018,6850,Donegal
313,Renault Clio E-tech HEV 140 My20 Hybrid Available,1.6,Petrol,20,2022,5600,Carlow
314,Renault Grand Scenic 1.5 DCI Expression 110 110BH,1.5,Diesel,241401,2011,13950,Dublin
315,Renault MEGANE E-TECH Hatchback,1,Petrol,-1,2022,13695,Louth
316,Renault clio IV Dynamique,1.1,Petrol,106000,2013,10695,Meath
317,"Renault Grand Scenic, 2012 1.5 DCI",1.5,Diesel,-1,2012,6350,Meath
318,Renault Grand Scenic 1.5 DCI Dynamique NAV 110BHP,1.5,Diesel,165242,2018,1750,Carlow
319,Renault Clio 1.5 DCI Dynamique NAV S/S 2016,1.5,Diesel,-1,2016,17995,Tipperary
320,Renault Laguna 2010,1.5,Diesel,-1,2010,22250,Donegal
321,Renault Megane Sport Tourer Iconic TCE 5DR,1.3,Petrol,49265,2019,25490,Limerick
322,2010 Renault Fluence just NCT passed,1.5,Diesel,186000,2010,26951,Kerry
323,Renault Grand Scenic Long Nct  Leather  Pristine,1.5,Diesel,160934,2012,18450,Dublin
324,"Renault Clio, 2007",1.1,Petrol,201772,2007,15495,Kilkenny
325,Renault Trafic Trafic Ll29 Energy DCI 125 BUS,1.6,Diesel,130548,2017,20995,Galway
326,Renault Grand Scenic 1.5 DCI  bose 7 Seater,1.5,Diesel,122103,2016,10495,Louth
327,Renault Grand Scenic 1.5 DCI  bose 7 Seater,1.5,Diesel,122103,2016,25995,Louth
328,Renault Clio Dynamique TCe 90,1,Petrol,11014,2022,10495,Dublin
329,Renault Clio Dynamique TCe 90,1,Petrol,11014,2022,14950,Dublin
330,Renault Megane 2008,2,Petrol,-1,2008,14950,Donegal
331,Renault Megane 2008,2,Petrol,-1,2008,23650,Donegal
332,Renault Laguna 2010,2,Diesel,-1,2010,23650,Limerick
333,Renault Laguna 2010,2,Diesel,-1,2010,5950,Limerick
334,Renault Fluence 1.5 Limited Saloon Diesel Manual,1.5,Diesel,183295,2016,5950,Cork
335,Renault Fluence 1.5 Limited Saloon Diesel Manual,1.5,Diesel,183295,2016,45488,Cork
336,2017 Renault Clio Dynamique 1.2 16V Petrol Low KMs,1.1,Petrol,-1,2017,45488,Limerick
337,2017 Renault Clio Dynamique 1.2 16V Petrol Low KMs,1.1,Petrol,-1,2017,8450,Limerick
338,2016 Renault Fluence Limited Edition 1.5 dci,1.5,Diesel,156855,2016,8450,Limerick
339,2016 Renault Fluence Limited Edition 1.5 dci,1.5,Diesel,156855,2016,3999,Limerick
340,Renault KADJAR Alloy Wheels  Chrome Trim  Front F,1.5,Diesel,79800,2016,3999,Waterford
341,Renault KADJAR Alloy Wheels  Chrome Trim  Front F,1.5,Diesel,79800,2016,-1,Waterford
342,2013 RENAULT CLIO 1.2 PETROL NCT 7/23 TAXED 1/23,1.2,Petrol,145000,2013,-1,Kerry
343,2013 RENAULT CLIO 1.2 PETROL NCT 7/23 TAXED 1/23,1.2,Petrol,145000,2013,10950,Kerry
344,Renault Conquest Scenic 1.5dci Nct 11 23,1.5,Diesel,-1,2008,10950,Westmeath
345,Renault Conquest Scenic 1.5dci Nct 11 23,1.5,Diesel,-1,2008,3250,Westmeath
346,Renault Clio Automatic Lights and Wipers  Multifu,1,Petrol,60872,2021,3250,Waterford
347,Renault Clio Automatic Lights and Wipers  Multifu,1,Petrol,60872,2021,18990,Waterford
348,"Renault Kadjar, 1.5 DCI **NEW MODEL/IMMACULATE**",1.5,Diesel,-1,2019,18990,Roscommon
349,"Renault Kadjar, 1.5 DCI **NEW MODEL/IMMACULATE**",1.5,Diesel,-1,2019,3250,Roscommon
350,Renault KADJAR S-edition Blue dCi,1.5,Diesel,29200,2019,7900,Cork
351,Renault Scenic Play Blue DCI 120 My18,1.8,Diesel,9,2020,7900,Kildare
352,Renault Scenic Play Blue DCI 120 My18,1.8,Diesel,9,2020,1650,Kildare
353,Renault KADJAR 1.5 Diesel Dynamique S Nav,1.5,Diesel,124612,2017,1650,Clare
354,Renault KADJAR 1.5 Diesel Dynamique S Nav,1.5,Diesel,124612,2017,14600,Clare
355,Renault Laguna 2009,1.9,Diesel,181000,2009,14600,Sligo
356,Renault Laguna 2009,1.9,Diesel,181000,2009,16995,Sligo
357,** € 9 PER DAY ** 191 RENAULT CLIO,0.9,Petrol,54786,2019,16995,Waterford
358,** € 9 PER DAY ** 191 RENAULT CLIO,0.9,Petrol,54786,2019,20745,Waterford
359,Renault KADJAR 1.5 dCi 110 Energy Dynamique Nav,1.5,Diesel,118668,2018,20745,Dublin
360,Renault KADJAR 1.5 dCi 110 Energy Dynamique Nav,1.5,Diesel,118668,2018,6850,Dublin
361,Nissan Micra March 1.2 5DR Auto air/con bluetooth,1,Petrol,-1,2022,6850,Louth
362,Nissan X-Trail Tekna Dci full Black Leather Inter,1,Petrol,-1,2022,5600,Louth
363,Nissan March Micra 1.2 5DR Auto air/con bluetooth,1,Petrol,-1,2022,5600,Louth
364,Renault Megane  Dynamique S Nav 2017,1.5,Diesel,146000,2017,13950,Clare
365,Renault Captur TCe 100 Iconic Petrol Only 8890 Kms,1,Petrol,100,2020,13695,Carlow
366,Renault Megane 1.5 Diesel NEW NCT/TAX,1.5,Diesel,-1,2010,10695,Sligo
367,Renault MEGANE E-TECH Hatchback,1,Petrol,-1,2022,6350,Louth
368,Renault clio IV Dynamique,1.1,Petrol,106000,2013,1750,Meath
369,"Renault Clio, 2010",1.1,Petrol,-1,2010,17995,Meath
370,"Renault Grand Scenic, 2012 1.5 DCI",1.5,Diesel,-1,2012,22250,Meath
371,Renault Grand Scenic 1.5 DCI Dynamique NAV 110BHP,1.5,Diesel,165242,2018,25490,Carlow
372,Renault Clio 1.5 DCI Dynamique NAV S/S 2016,1.5,Diesel,-1,2016,26951,Tipperary
373,Renault Laguna 2010,1.5,Diesel,-1,2010,18450,Donegal
374,Renault Megane Sport Tourer Iconic TCE 5DR,1.3,Petrol,49265,2019,15495,Limerick
375,2010 Renault Fluence just NCT passed,1.5,Diesel,186000,2010,20995,Kerry
376,Renault Grand Scenic Long Nct  Leather  Pristine,1.5,Diesel,160934,2012,17449,Dublin
377,Renault Grand Scenic Long Nct  Leather  Pristine,1.5,Diesel,160934,2012,55949,Dublin
378,"Renault Clio, 2007",1.1,Petrol,201772,2007,33949,Kilkenny
379,"Renault Clio, 2007",1.1,Petrol,201772,2007,6300,Kilkenny
380,Renault Trafic Trafic Ll29 Energy DCI 125 BUS,1.6,Diesel,130548,2017,6300,Galway
381,Renault Trafic Trafic Ll29 Energy DCI 125 BUS,1.6,Diesel,130548,2017,1700,Galway
382,Renault Grand Scenic 1.5 DCI  bose 7 Seater,1.5,Diesel,122103,2016,1700,Louth
383,Renault Grand Scenic 1.5 DCI  bose 7 Seater,1.5,Diesel,122103,2016,32950,Louth
384,Renault Clio Dynamique TCe 90,1,Petrol,11014,2022,32950,Dublin
385,Renault Clio Dynamique TCe 90,1,Petrol,11014,2022,5950,Dublin
386,Renault Megane 2008,2,Petrol,-1,2008,5950,Donegal
387,Renault Megane 2008,2,Petrol,-1,2008,45488,Donegal
388,Renault Laguna 2010,2,Diesel,-1,2010,45488,Limerick
389,Renault Laguna 2010,2,Diesel,-1,2010,8450,Limerick
390,Renault Fluence 1.5 Limited Saloon Diesel Manual,1.5,Diesel,183295,2016,8450,Cork
391,Renault Fluence 1.5 Limited Saloon Diesel Manual,1.5,Diesel,183295,2016,3999,Cork
392,2017 Renault Clio Dynamique 1.2 16V Petrol Low KMs,1.1,Petrol,-1,2017,3999,Limerick
393,2017 Renault Clio Dynamique 1.2 16V Petrol Low KMs,1.1,Petrol,-1,2017,-1,Limerick
394,2016 Renault Fluence Limited Edition 1.5 dci,1.5,Diesel,156855,2016,-1,Limerick
395,2016 Renault Fluence Limited Edition 1.5 dci,1.5,Diesel,156855,2016,10950,Limerick
396,Renault KADJAR Alloy Wheels  Chrome Trim  Front F,1.5,Diesel,79800,2016,10950,Waterford
397,Renault KADJAR Alloy Wheels  Chrome Trim  Front F,1.5,Diesel,79800,2016,3250,Waterford
398,2013 RENAULT CLIO 1.2 PETROL NCT 7/23 TAXED 1/23,1.2,Petrol,145000,2013,3250,Kerry
399,2013 RENAULT CLIO 1.2 PETROL NCT 7/23 TAXED 1/23,1.2,Petrol,145000,2013,18990,Kerry
400,Renault Conquest Scenic 1.5dci Nct 11 23,1.5,Diesel,-1,2008,18990,Westmeath
401,Renault Clio Automatic Lights and Wipers  Multifu,1,Petrol,60872,2021,7900,Waterford
402,"Renault Kadjar, 1.5 DCI **NEW MODEL/IMMACULATE**",1.5,Diesel,-1,2019,7900,Roscommon
403,"Renault Kadjar, 1.5 DCI **NEW MODEL/IMMACULATE**",1.5,Diesel,-1,2019,1650,Roscommon
404,Renault KADJAR S-edition Blue dCi,1.5,Diesel,29200,2019,1650,Cork
405,Renault KADJAR S-edition Blue dCi,1.5,Diesel,29200,2019,14600,Cork
406,Renault Scenic Play Blue DCI 120 My18,1.8,Diesel,9,2020,14600,Kildare
407,Renault Scenic Play Blue DCI 120 My18,1.8,Diesel,9,2020,16995,Kildare
408,Renault KADJAR 1.5 Diesel Dynamique S Nav,1.5,Diesel,124612,2017,16995,Clare
409,Renault KADJAR 1.5 Diesel Dynamique S Nav,1.5,Diesel,124612,2017,20745,Clare
410,Renault Laguna 2009,1.9,Diesel,181000,2009,20745,Sligo
411,Renault Laguna 2009,1.9,Diesel,181000,2009,6850,Sligo
412,** € 9 PER DAY ** 191 RENAULT CLIO,0.9,Petrol,54786,2019,6850,Waterford
413,** € 9 PER DAY ** 191 RENAULT CLIO,0.9,Petrol,54786,2019,5600,Waterford
414,Renault KADJAR 1.5 dCi 110 Energy Dynamique Nav,1.5,Diesel,118668,2018,5600,Dublin
415,Renault KADJAR 1.5 dCi 110 Energy Dynamique Nav,1.5,Diesel,118668,2018,13950,Dublin
416,Toyota Auris 1.2t Luna Call Today Ph (01) 4606070,1,Petrol,-1,2022,13950,Louth
417,Toyota Rav4 2.5 AWD Plug In Hybrid Sport Call Tod,1,Petrol,-1,2022,13695,Louth
418,Mitsubishi Outlander 2.2d Black Line 4WD 7 Seater,1,Petrol,-1,2022,13695,Louth
419,Renault Grand Megane 2012,1.5,Diesel,129180,2012,10695,Wicklow
420,Car,1.5,Diesel,178790,2010,16995,Cork
421,Renault Zoe R135 Z.E 50 GT Line CCS Rapid Charge,0,Electric,8000,2021,6350,Kildare
422,Renault Grand Scenic 1.5 DCI Expression 110 110BH,1.5,Diesel,241401,2011,1750,Dublin
423,Renault MEGANE E-TECH Hatchback,1,Petrol,-1,2022,17995,Louth
424,Renault clio IV Dynamique,1.1,Petrol,106000,2013,22250,Meath
425,"Renault Clio, 2010",1.1,Petrol,-1,2010,25490,Meath
426,"Renault Grand Scenic, 2012 1.5 DCI",1.5,Diesel,-1,2012,26951,Meath
427,Renault Grand Scenic 1.5 DCI Dynamique NAV 110BHP,1.5,Diesel,165242,2018,18450,Carlow
428,Renault Clio 1.5 DCI Dynamique NAV S/S 2016,1.5,Diesel,-1,2016,15495,Tipperary
429,Renault Laguna 2010,1.5,Diesel,-1,2010,20995,Donegal
430,Renault Megane Sport Tourer Iconic TCE 5DR,1.3,Petrol,49265,2019,17449,Limerick
431,Renault Megane Sport Tourer Iconic TCE 5DR,1.3,Petrol,49265,2019,55949,Limerick
432,2010 Renault Fluence just NCT passed,1.5,Diesel,186000,2010,33949,Kerry
433,2010 Renault Fluence just NCT passed,1.5,Diesel,186000,2010,16450,Kerry
434,Renault Grand Scenic Long Nct  Leather  Pristine,1.5,Diesel,160934,2012,16450,Dublin
435,Renault Grand Scenic Long Nct  Leather  Pristine,1.5,Diesel,160934,2012,32950,Dublin
436,"Renault Clio, 2007",1.1,Petrol,201772,2007,32950,Kilkenny
437,"Renault Clio, 2007",1.1,Petrol,201772,2007,16950,Kilkenny
438,Renault Trafic Trafic Ll29 Energy DCI 125 BUS,1.6,Diesel,130548,2017,16950,Galway
439,Renault Trafic Trafic Ll29 Energy DCI 125 BUS,1.6,Diesel,130548,2017,5950,Galway
440,Renault Grand Scenic 1.5 DCI  bose 7 Seater,1.5,Diesel,122103,2016,5950,Louth
441,Renault Grand Scenic 1.5 DCI  bose 7 Seater,1.5,Diesel,122103,2016,45488,Louth
442,Renault Clio Dynamique TCe 90,1,Petrol,11014,2022,45488,Dublin
443,Renault Clio Dynamique TCe 90,1,Petrol,11014,2022,8450,Dublin
444,Renault Megane 2008,2,Petrol,-1,2008,8450,Donegal
445,Renault Megane 2008,2,Petrol,-1,2008,3999,Donegal
446,Renault Laguna 2010,2,Diesel,-1,2010,3999,Limerick
447,Renault Laguna 2010,2,Diesel,-1,2010,-1,Limerick
448,Renault Fluence 1.5 Limited Saloon Diesel Manual,1.5,Diesel,183295,2016,-1,Cork
449,Renault Fluence 1.5 Limited Saloon Diesel Manual,1.5,Diesel,183295,2016,10950,Cork
450,2017 Renault Clio Dynamique 1.2 16V Petrol Low KMs,1.1,Petrol,-1,2017,10950,Limerick
451,2017 Renault Clio Dynamique 1.2 16V Petrol Low KMs,1.1,Petrol,-1,2017,3250,Limerick
452,2016 Renault Fluence Limited Edition 1.5 dci,1.5,Diesel,156855,2016,3250,Limerick
453,2016 Renault Fluence Limited Edition 1.5 dci,1.5,Diesel,156855,2016,18990,Limerick
454,Renault KADJAR Alloy Wheels  Chrome Trim  Front F,1.5,Diesel,79800,2016,18990,Waterford
455,2013 RENAULT CLIO 1.2 PETROL NCT 7/23 TAXED 1/23,1.2,Petrol,145000,2013,7900,Kerry
456,Renault Conquest Scenic 1.5dci Nct 11 23,1.5,Diesel,-1,2008,7900,Westmeath
457,Renault Conquest Scenic 1.5dci Nct 11 23,1.5,Diesel,-1,2008,1650,Westmeath
458,Renault Clio Automatic Lights and Wipers  Multifu,1,Petrol,60872,2021,1650,Waterford
459,Renault Clio Automatic Lights and Wipers  Multifu,1,Petrol,60872,2021,14600,Waterford
460,"Renault Kadjar, 1.5 DCI **NEW MODEL/IMMACULATE**",1.5,Diesel,-1,2019,14600,Roscommon
461,"Renault Kadjar, 1.5 DCI **NEW MODEL/IMMACULATE**",1.5,Diesel,-1,2019,16995,Roscommon
462,Renault KADJAR S-edition Blue dCi,1.5,Diesel,29200,2019,16995,Cork
463,Renault KADJAR S-edition Blue dCi,1.5,Diesel,29200,2019,20745,Cork
464,Renault Scenic Play Blue DCI 120 My18,1.8,Diesel,9,2020,20745,Kildare
465,Renault Scenic Play Blue DCI 120 My18,1.8,Diesel,9,2020,6850,Kildare
466,Renault KADJAR 1.5 Diesel Dynamique S Nav,1.5,Diesel,124612,2017,6850,Clare
467,Renault KADJAR 1.5 Diesel Dynamique S Nav,1.5,Diesel,124612,2017,5600,Clare
468,Renault Laguna 2009,1.9,Diesel,181000,2009,5600,Sligo
469,Renault Laguna 2009,1.9,Diesel,181000,2009,13950,Sligo
470,** € 9 PER DAY ** 191 RENAULT CLIO,0.9,Petrol,54786,2019,13950,Waterford
471,** € 9 PER DAY ** 191 RENAULT CLIO,0.9,Petrol,54786,2019,13695,Waterford
472,Renault KADJAR 1.5 dCi 110 Energy Dynamique Nav,1.5,Diesel,118668,2018,13695,Dublin
473,Renault KADJAR 1.5 dCi 110 Energy Dynamique Nav,1.5,Diesel,118668,2018,10695,Dublin
474,Toyota Auris 1.2t Luna Call Today Ph (01) 4606070,1,Petrol,-1,2022,10695,Louth
475,Toyota Rav4 2.5 AWD Plug In Hybrid Sport Call Tod,1,Petrol,-1,2022,16995,Louth
476,Mitsubishi Outlander 2.2d Black Line 4WD 7 Seater,1,Petrol,-1,2022,16995,Louth
477,Renault Megane Sport Tourer Dynamique ( One Owner,1.5,Diesel,165004,2018,6350,Dublin
478,Renault Zoe R135 Z.E 50 GT Line CCS Rapid Charge,0,Electric,8000,2021,1750,Kildare
479,Renault Clio Dynamique TCE 100 My19 5DR V,1,Petrol,17999,2020,17995,Cork
480,Renault Grand Scenic 1.5 DCI Expression 110 110BH,1.5,Diesel,241401,2011,22250,Dublin
481,Renault MEGANE E-TECH Hatchback,1,Petrol,-1,2022,25490,Louth
482,Renault clio IV Dynamique,1.1,Petrol,106000,2013,26951,Meath
483,"Renault Clio, 2010",1.1,Petrol,-1,2010,18450,Meath
484,"Renault Grand Scenic, 2012 1.5 DCI",1.5,Diesel,-1,2012,15495,Meath
485,Renault Grand Scenic 1.5 DCI Dynamique NAV 110BHP,1.5,Diesel,165242,2018,20995,Carlow
486,Renault Clio 1.5 DCI Dynamique NAV S/S 2016,1.5,Diesel,-1,2016,10495,Tipperary
487,Renault Clio 1.5 DCI Dynamique NAV S/S 2016,1.5,Diesel,-1,2016,25995,Tipperary
488,Renault Laguna 2010,1.5,Diesel,-1,2010,10495,Donegal
489,Renault Laguna 2010,1.5,Diesel,-1,2010,17950,Donegal
490,Renault Megane Sport Tourer Iconic TCE 5DR,1.3,Petrol,49265,2019,17950,Limerick
491,Renault Megane Sport Tourer Iconic TCE 5DR,1.3,Petrol,49265,2019,6999,Limerick
492,2010 Renault Fluence just NCT passed,1.5,Diesel,186000,2010,6999,Kerry
493,2010 Renault Fluence just NCT passed,1.5,Diesel,186000,2010,10250,Kerry
494,Renault Grand Scenic Long Nct  Leather  Pristine,1.5,Diesel,160934,2012,10250,Dublin
495,Renault Grand Scenic Long Nct  Leather  Pristine,1.5,Diesel,160934,2012,5950,Dublin
496,"Renault Clio, 2007",1.1,Petrol,201772,2007,5950,Kilkenny
497,"Renault Clio, 2007",1.1,Petrol,201772,2007,45488,Kilkenny
498,Renault Trafic Trafic Ll29 Energy DCI 125 BUS,1.6,Diesel,130548,2017,45488,Galway
499,Renault Trafic Trafic Ll29 Energy DCI 125 BUS,1.6,Diesel,130548,2017,8450,Galway
500,Renault Grand Scenic 1.5 DCI  bose 7 Seater,1.5,Diesel,122103,2016,8450,Louth
501,Renault Grand Scenic 1.5 DCI  bose 7 Seater,1.5,Diesel,122103,2016,3999,Louth
502,Renault Clio Dynamique TCe 90,1,Petrol,11014,2022,3999,Dublin
503,Renault Clio Dynamique TCe 90,1,Petrol,11014,2022,-1,Dublin
504,Renault Megane 2008,2,Petrol,-1,2008,-1,Donegal
505,Renault Megane 2008,2,Petrol,-1,2008,10950,Donegal
506,Renault Laguna 2010,2,Diesel,-1,2010,10950,Limerick
507,Renault Laguna 2010,2,Diesel,-1,2010,3250,Limerick
508,Renault Fluence 1.5 Limited Saloon Diesel Manual,1.5,Diesel,183295,2016,3250,Cork
509,Renault Fluence 1.5 Limited Saloon Diesel Manual,1.5,Diesel,183295,2016,18990,Cork
510,2017 Renault Clio Dynamique 1.2 16V Petrol Low KMs,1.1,Petrol,-1,2017,18990,Limerick
511,2016 Renault Fluence Limited Edition 1.5 dci,1.5,Diesel,156855,2016,7900,Limerick
512,Renault KADJAR Alloy Wheels  Chrome Trim  Front F,1.5,Diesel,79800,2016,7900,Waterford
513,Renault KADJAR Alloy Wheels  Chrome Trim  Front F,1.5,Diesel,79800,2016,1650,Waterford
514,2013 RENAULT CLIO 1.2 PETROL NCT 7/23 TAXED 1/23,1.2,Petrol,145000,2013,1650,Kerry
515,2013 RENAULT CLIO 1.2 PETROL NCT 7/23 TAXED 1/23,1.2,Petrol,145000,2013,14600,Kerry
516,Renault Conquest Scenic 1.5dci Nct 11 23,1.5,Diesel,-1,2008,14600,Westmeath
517,Renault Conquest Scenic 1.5dci Nct 11 23,1.5,Diesel,-1,2008,16995,Westmeath
518,Renault Clio Automatic Lights and Wipers  Multifu,1,Petrol,60872,2021,16995,Waterford
519,Renault Clio Automatic Lights and Wipers  Multifu,1,Petrol,60872,2021,20745,Waterford
520,"Renault Kadjar, 1.5 DCI **NEW MODEL/IMMACULATE**",1.5,Diesel,-1,2019,20745,Roscommon
521,"Renault Kadjar, 1.5 DCI **NEW MODEL/IMMACULATE**",1.5,Diesel,-1,2019,6850,Roscommon
522,Renault KADJAR S-edition Blue dCi,1.5,Diesel,29200,2019,6850,Cork
523,Renault KADJAR S-edition Blue dCi,1.5,Diesel,29200,2019,5600,Cork
524,Renault Scenic Play Blue DCI 120 My18,1.8,Diesel,9,2020,5600,Kildare
525,Renault Scenic Play Blue DCI 120 My18,1.8,Diesel,9,2020,13950,Kildare
526,Renault KADJAR 1.5 Diesel Dynamique S Nav,1.5,Diesel,124612,2017,13950,Clare
527,Renault KADJAR 1.5 Diesel Dynamique S Nav,1.5,Diesel,124612,2017,13695,Clare
528,Renault Laguna 2009,1.9,Diesel,181000,2009,13695,Sligo
529,Renault Laguna 2009,1.9,Diesel,181000,2009,10695,Sligo
530,** € 9 PER DAY ** 191 RENAULT CLIO,0.9,Petrol,54786,2019,10695,Waterford
531,Renault KADJAR 1.5 dCi 110 Energy Dynamique Nav,1.5,Diesel,118668,2018,16995,Dublin
532,Renault KADJAR 1.5 dCi 110 Energy Dynamique Nav,1.5,Diesel,118668,2018,6350,Dublin
533,Nissan Micra March 1.2 5DR Auto air/con bluetooth,1,Petrol,-1,2022,6350,Louth
534,Nissan X-Trail Tekna Dci full Black Leather Inter,1,Petrol,-1,2022,1750,Louth
535,Nissan March Micra 1.2 5DR Auto air/con bluetooth,1,Petrol,-1,2022,1750,Louth
536,Renault Megane 1.3 TCe 140 GPF Play (059) 914177,1.3,Petrol,50500,2019,17995,Carlow
537,2012 RENAULT MEGANE **GT-LINE**,1.5,Diesel,-1,2012,22250,Dublin
538,Renault Fluence 2016,1.5,Diesel,122852,2016,25490,Limerick
539,Renault Grand Scenic 1.5 DCI Expression 110 110BH,1.5,Diesel,241401,2011,26951,Dublin
540,Renault MEGANE E-TECH Hatchback,1,Petrol,-1,2022,18450,Louth
541,Renault clio IV Dynamique,1.1,Petrol,106000,2013,15495,Meath
542,"Renault Clio, 2010",1.1,Petrol,-1,2010,20995,Meath
543,"Renault Grand Scenic, 2012 1.5 DCI",1.5,Diesel,-1,2012,17449,Meath
544,"Renault Grand Scenic, 2012 1.5 DCI",1.5,Diesel,-1,2012,55949,Meath
545,Renault Grand Scenic 1.5 DCI Dynamique NAV 110BHP,1.5,Diesel,165242,2018,33949,Carlow
546,Renault Grand Scenic 1.5 DCI Dynamique NAV 110BHP,1.5,Diesel,165242,2018,1700,Carlow
547,Renault Clio 1.5 DCI Dynamique NAV S/S 2016,1.5,Diesel,-1,2016,1700,Tipperary
548,Renault Clio 1.5 DCI Dynamique NAV S/S 2016,1.5,Diesel,-1,2016,4500,Tipperary
549,Renault Laguna 2010,1.5,Diesel,-1,2010,4500,Donegal
550,Renault Laguna 2010,1.5,Diesel,-1,2010,25950,Donegal
551,Renault Megane Sport Tourer Iconic TCE 5DR,1.3,Petrol,49265,2019,25950,Limerick
552,Renault Megane Sport Tourer Iconic TCE 5DR,1.3,Petrol,49265,2019,5950,Limerick
553,2010 Renault Fluence just NCT passed,1.5,Diesel,186000,2010,5950,Kerry
554,2010 Renault Fluence just NCT passed,1.5,Diesel,186000,2010,45488,Kerry
555,Renault Grand Scenic Long Nct  Leather  Pristine,1.5,Diesel,160934,2012,45488,Dublin
556,Renault Grand Scenic Long Nct  Leather  Pristine,1.5,Diesel,160934,2012,8450,Dublin
557,"Renault Clio, 2007",1.1,Petrol,201772,2007,8450,Kilkenny
558,"Renault Clio, 2007",1.1,Petrol,201772,2007,3999,Kilkenny
559,Renault Trafic Trafic Ll29 Energy DCI 125 BUS,1.6,Diesel,130548,2017,3999,Galway
560,Renault Trafic Trafic Ll29 Energy DCI 125 BUS,1.6,Diesel,130548,2017,-1,Galway
561,Renault Grand Scenic 1.5 DCI  bose 7 Seater,1.5,Diesel,122103,2016,-1,Louth
562,Renault Grand Scenic 1.5 DCI  bose 7 Seater,1.5,Diesel,122103,2016,10950,Louth
563,Renault Clio Dynamique TCe 90,1,Petrol,11014,2022,10950,Dublin
564,Renault Clio Dynamique TCe 90,1,Petrol,11014,2022,3250,Dublin
565,Renault Megane 2008,2,Petrol,-1,2008,3250,Donegal
566,Renault Megane 2008,2,Petrol,-1,2008,18990,Donegal
567,Renault Laguna 2010,2,Diesel,-1,2010,18990,Limerick
568,Renault Fluence 1.5 Limited Saloon Diesel Manual,1.5,Diesel,183295,2016,7900,Cork
569,2017 Renault Clio Dynamique 1.2 16V Petrol Low KMs,1.1,Petrol,-1,2017,7900,Limerick
570,2017 Renault Clio Dynamique 1.2 16V Petrol Low KMs,1.1,Petrol,-1,2017,1650,Limerick
571,2016 Renault Fluence Limited Edition 1.5 dci,1.5,Diesel,156855,2016,1650,Limerick
572,2016 Renault Fluence Limited Edition 1.5 dci,1.5,Diesel,156855,2016,14600,Limerick
573,Renault KADJAR Alloy Wheels  Chrome Trim  Front F,1.5,Diesel,79800,2016,14600,Waterford
574,Renault KADJAR Alloy Wheels  Chrome Trim  Front F,1.5,Diesel,79800,2016,16995,Waterford
575,2013 RENAULT CLIO 1.2 PETROL NCT 7/23 TAXED 1/23,1.2,Petrol,145000,2013,16995,Kerry
576,2013 RENAULT CLIO 1.2 PETROL NCT 7/23 TAXED 1/23,1.2,Petrol,145000,2013,20745,Kerry
577,Renault Conquest Scenic 1.5dci Nct 11 23,1.5,Diesel,-1,2008,20745,Westmeath
578,Renault Conquest Scenic 1.5dci Nct 11 23,1.5,Diesel,-1,2008,6850,Westmeath
579,Renault Clio Automatic Lights and Wipers  Multifu,1,Petrol,60872,2021,6850,Waterford
580,Renault Clio Automatic Lights and Wipers  Multifu,1,Petrol,60872,2021,5600,Waterford
581,"Renault Kadjar, 1.5 DCI **NEW MODEL/IMMACULATE**",1.5,Diesel,-1,2019,5600,Roscommon
582,"Renault Kadjar, 1.5 DCI **NEW MODEL/IMMACULATE**",1.5,Diesel,-1,2019,13950,Roscommon
583,Renault KADJAR S-edition Blue dCi,1.5,Diesel,29200,2019,13950,Cork
584,Renault KADJAR S-edition Blue dCi,1.5,Diesel,29200,2019,13695,Cork
585,Renault Scenic Play Blue DCI 120 My18,1.8,Diesel,9,2020,13695,Kildare
586,Renault Scenic Play Blue DCI 120 My18,1.8,Diesel,9,2020,10695,Kildare
587,Renault KADJAR 1.5 Diesel Dynamique S Nav,1.5,Diesel,124612,2017,10695,Clare
588,Renault Laguna 2009,1.9,Diesel,181000,2009,6350,Sligo
589,** € 9 PER DAY ** 191 RENAULT CLIO,0.9,Petrol,54786,2019,6350,Waterford
590,** € 9 PER DAY ** 191 RENAULT CLIO,0.9,Petrol,54786,2019,1750,Waterford
591,Renault KADJAR 1.5 dCi 110 Energy Dynamique Nav,1.5,Diesel,118668,2018,1750,Dublin
592,Renault KADJAR 1.5 dCi 110 Energy Dynamique Nav,1.5,Diesel,118668,2018,17995,Dublin
593,Toyota Auris 1.2t Luna Call Today Ph (01) 4606070,1,Petrol,-1,2022,17995,Louth
594,Toyota Rav4 2.5 AWD Plug In Hybrid Sport Call Tod,1,Petrol,-1,2022,22250,Louth
595,Mitsubishi Outlander 2.2d Black Line 4WD 7 Seater,1,Petrol,-1,2022,22250,Louth
596,Car,1.5,Diesel,178790,2010,25490,Cork
597,Renault Fluence 2012,1.5,Diesel,140686,2012,26951,Limerick
598,RENAULT MASTER 2.3 LM35 DCI BUSINESS,2.3,Diesel,91000,2020,18450,Wicklow
599,Renault Grand Scenic 1.5 DCI Expression 110 110BH,1.5,Diesel,241401,2011,15495,Dublin
600,Renault MEGANE E-TECH Hatchback,1,Petrol,-1,2022,20995,Louth
601,Renault clio IV Dynamique,1.1,Petrol,106000,2013,17449,Meath
602,Renault clio IV Dynamique,1.1,Petrol,106000,2013,55949,Meath
603,"Renault Clio, 2010",1.1,Petrol,-1,2010,33949,Meath
604,"Renault Clio, 2010",1.1,Petrol,-1,2010,26950,Meath
605,"Renault Grand Scenic, 2012 1.5 DCI",1.5,Diesel,-1,2012,26950,Meath
606,"Renault Grand Scenic, 2012 1.5 DCI",1.5,Diesel,-1,2012,17950,Meath
607,Renault Grand Scenic 1.5 DCI Dynamique NAV 110BHP,1.5,Diesel,165242,2018,17950,Carlow
608,Renault Grand Scenic 1.5 DCI Dynamique NAV 110BHP,1.5,Diesel,165242,2018,30870,Carlow
609,Renault Clio 1.5 DCI Dynamique NAV S/S 2016,1.5,Diesel,-1,2016,30870,Tipperary
610,Renault Clio 1.5 DCI Dynamique NAV S/S 2016,1.5,Diesel,-1,2016,5950,Tipperary
611,Renault Laguna 2010,1.5,Diesel,-1,2010,5950,Donegal
612,Renault Laguna 2010,1.5,Diesel,-1,2010,45488,Donegal
613,Renault Megane Sport Tourer Iconic TCE 5DR,1.3,Petrol,49265,2019,45488,Limerick
614,Renault Megane Sport Tourer Iconic TCE 5DR,1.3,Petrol,49265,2019,8450,Limerick
615,2010 Renault Fluence just NCT passed,1.5,Diesel,186000,2010,8450,Kerry
616,2010 Renault Fluence just NCT passed,1.5,Diesel,186000,2010,3999,Kerry
617,Renault Grand Scenic Long Nct  Leather  Pristine,1.5,Diesel,160934,2012,3999,Dublin
618,Renault Grand Scenic Long Nct  Leather  Pristine,1.5,Diesel,160934,2012,-1,Dublin
619,"Renault Clio, 2007",1.1,Petrol,201772,2007,-1,Kilkenny
620,"Renault Clio, 2007",1.1,Petrol,201772,2007,10950,Kilkenny
621,Renault Trafic Trafic Ll29 Energy DCI 125 BUS,1.6,Diesel,130548,2017,10950,Galway
622,Renault Trafic Trafic Ll29 Energy DCI 125 BUS,1.6,Diesel,130548,2017,3250,Galway
623,Renault Grand Scenic 1.5 DCI  bose 7 Seater,1.5,Diesel,122103,2016,3250,Louth
624,Renault Grand Scenic 1.5 DCI  bose 7 Seater,1.5,Diesel,122103,2016,18990,Louth
625,Renault Clio Dynamique TCe 90,1,Petrol,11014,2022,18990,Dublin
626,Renault Megane 2008,2,Petrol,-1,2008,7900,Donegal
627,Renault Laguna 2010,2,Diesel,-1,2010,7900,Limerick
628,Renault Laguna 2010,2,Diesel,-1,2010,1650,Limerick
629,Renault Fluence 1.5 Limited Saloon Diesel Manual,1.5,Diesel,183295,2016,1650,Cork
630,Renault Fluence 1.5 Limited Saloon Diesel Manual,1.5,Diesel,183295,2016,14600,Cork
631,2017 Renault Clio Dynamique 1.2 16V Petrol Low KMs,1.1,Petrol,-1,2017,14600,Limerick
632,2017 Renault Clio Dynamique 1.2 16V Petrol Low KMs,1.1,Petrol,-1,2017,16995,Limerick
633,2016 Renault Fluence Limited Edition 1.5 dci,1.5,Diesel,156855,2016,20745,Limerick
634,Renault KADJAR Alloy Wheels  Chrome Trim  Front F,1.5,Diesel,79800,2016,20745,Waterford
635,Renault KADJAR Alloy Wheels  Chrome Trim  Front F,1.5,Diesel,79800,2016,6850,Waterford
636,2013 RENAULT CLIO 1.2 PETROL NCT 7/23 TAXED 1/23,1.2,Petrol,145000,2013,6850,Kerry
637,2013 RENAULT CLIO 1.2 PETROL NCT 7/23 TAXED 1/23,1.2,Petrol,145000,2013,5600,Kerry
638,Renault Conquest Scenic 1.5dci Nct 11 23,1.5,Diesel,-1,2008,5600,Westmeath
639,Renault Conquest Scenic 1.5dci Nct 11 23,1.5,Diesel,-1,2008,13950,Westmeath
640,Renault Clio Automatic Lights and Wipers  Multifu,1,Petrol,60872,2021,13950,Waterford
641,Renault Clio Automatic Lights and Wipers  Multifu,1,Petrol,60872,2021,13695,Waterford
642,"Renault Kadjar, 1.5 DCI **NEW MODEL/IMMACULATE**",1.5,Diesel,-1,2019,13695,Roscommon
643,"Renault Kadjar, 1.5 DCI **NEW MODEL/IMMACULATE**",1.5,Diesel,-1,2019,10695,Roscommon
644,Renault KADJAR S-edition Blue dCi,1.5,Diesel,29200,2019,10695,Cork
645,Renault Scenic Play Blue DCI 120 My18,1.8,Diesel,9,2020,6350,Kildare
646,Renault KADJAR 1.5 Diesel Dynamique S Nav,1.5,Diesel,124612,2017,6350,Clare
647,Renault KADJAR 1.5 Diesel Dynamique S Nav,1.5,Diesel,124612,2017,1750,Clare
648,Renault Laguna 2009,1.9,Diesel,181000,2009,1750,Sligo
649,Renault Laguna 2009,1.9,Diesel,181000,2009,17995,Sligo
650,** € 9 PER DAY ** 191 RENAULT CLIO,0.9,Petrol,54786,2019,17995,Waterford
651,** € 9 PER DAY ** 191 RENAULT CLIO,0.9,Petrol,54786,2019,22250,Waterford
652,Renault KADJAR 1.5 dCi 110 Energy Dynamique Nav,1.5,Diesel,118668,2018,22250,Dublin
653,Renault KADJAR 1.5 dCi 110 Energy Dynamique Nav,1.5,Diesel,118668,2018,25490,Dublin
654,Toyota Auris 1.2t Luna Call Today Ph (01) 4606070,1,Petrol,-1,2022,25490,Louth
655,Toyota Rav4 2.5 AWD Plug In Hybrid Sport Call Tod,1,Petrol,-1,2022,26951,Louth
656,Mitsubishi Outlander 2.2d Black Line 4WD 7 Seater,1,Petrol,-1,2022,26951,Louth
657,Renault KADJAR Iconic Blue DCI 115 (059)9141377,1.5,Diesel,42600,2020,18450,Carlow
658,Renault Megane 1.3 TCe 140 GPF Play (059) 914177,1.3,Petrol,50500,2019,15495,Carlow
659,Renault Clio E-tech HEV 140 My20 Hybrid Available,1.6,Petrol,20,2022,20995,Carlow
660,Renault Grand Scenic 1.5 DCI Expression 110 110BH,1.5,Diesel,241401,2011,41950,Dublin
661,Renault Grand Scenic 1.5 DCI Expression 110 110BH,1.5,Diesel,241401,2011,60239,Dublin
662,Renault MEGANE E-TECH Hatchback,1,Petrol,-1,2022,47950,Louth
663,Renault MEGANE E-TECH Hatchback,1,Petrol,-1,2022,6300,Louth
664,Renault clio IV Dynamique,1.1,Petrol,106000,2013,6300,Meath
665,Renault clio IV Dynamique,1.1,Petrol,106000,2013,9300,Meath
666,"Renault Clio, 2010",1.1,Petrol,-1,2010,9300,Meath
667,"Renault Clio, 2010",1.1,Petrol,-1,2010,17950,Meath
668,"Renault Grand Scenic, 2012 1.5 DCI",1.5,Diesel,-1,2012,5950,Meath
669,Renault Grand Scenic 1.5 DCI Dynamique NAV 110BHP,1.5,Diesel,165242,2018,5950,Carlow
670,Renault Grand Scenic 1.5 DCI Dynamique NAV 110BHP,1.5,Diesel,165242,2018,45488,Carlow
671,Renault Clio 1.5 DCI Dynamique NAV S/S 2016,1.5,Diesel,-1,2016,45488,Tipperary
672,Renault Clio 1.5 DCI Dynamique NAV S/S 2016,1.5,Diesel,-1,2016,8450,Tipperary
673,Renault Laguna 2010,1.5,Diesel,-1,2010,8450,Donegal
674,Renault Laguna 2010,1.5,Diesel,-1,2010,3999,Donegal
675,Renault Megane Sport Tourer Iconic TCE 5DR,1.3,Petrol,49265,2019,3999,Limerick
676,Renault Megane Sport Tourer Iconic TCE 5DR,1.3,Petrol,49265,2019,-1,Limerick
677,2010 Renault Fluence just NCT passed,1.5,Diesel,186000,2010,-1,Kerry
678,2010 Renault Fluence just NCT passed,1.5,Diesel,186000,2010,10950,Kerry
679,Renault Grand Scenic Long Nct  Leather  Pristine,1.5,Diesel,160934,2012,10950,Dublin
680,Renault Grand Scenic Long Nct  Leather  Pristine,1.5,Diesel,160934,2012,3250,Dublin
681,"Renault Clio, 2007",1.1,Petrol,201772,2007,3250,Kilkenny
682,"Renault Clio, 2007",1.1,Petrol,201772,2007,18990,Kilkenny
683,Renault Trafic Trafic Ll29 Energy DCI 125 BUS,1.6,Diesel,130548,2017,18990,Galway
684,Renault Grand Scenic 1.5 DCI  bose 7 Seater,1.5,Diesel,122103,2016,7900,Louth
685,Renault Clio Dynamique TCe 90,1,Petrol,11014,2022,7900,Dublin
686,Renault Clio Dynamique TCe 90,1,Petrol,11014,2022,1650,Dublin
687,Renault Megane 2008,2,Petrol,-1,2008,1650,Donegal
688,Renault Megane 2008,2,Petrol,-1,2008,14600,Donegal
689,Renault Laguna 2010,2,Diesel,-1,2010,14600,Limerick
690,Renault Fluence 1.5 Limited Saloon Diesel Manual,1.5,Diesel,183295,2016,20745,Cork
691,2017 Renault Clio Dynamique 1.2 16V Petrol Low KMs,1.1,Petrol,-1,2017,20745,Limerick
692,2017 Renault Clio Dynamique 1.2 16V Petrol Low KMs,1.1,Petrol,-1,2017,6850,Limerick
693,2016 Renault Fluence Limited Edition 1.5 dci,1.5,Diesel,156855,2016,6850,Limerick
694,2016 Renault Fluence Limited Edition 1.5 dci,1.5,Diesel,156855,2016,5600,Limerick
695,Renault KADJAR Alloy Wheels  Chrome Trim  Front F,1.5,Diesel,79800,2016,5600,Waterford
696,Renault KADJAR Alloy Wheels  Chrome Trim  Front F,1.5,Diesel,79800,2016,13950,Waterford
697,2013 RENAULT CLIO 1.2 PETROL NCT 7/23 TAXED 1/23,1.2,Petrol,145000,2013,13950,Kerry
698,2013 RENAULT CLIO 1.2 PETROL NCT 7/23 TAXED 1/23,1.2,Petrol,145000,2013,13695,Kerry
699,Renault Conquest Scenic 1.5dci Nct 11 23,1.5,Diesel,-1,2008,13695,Westmeath
700,Renault Conquest Scenic 1.5dci Nct 11 23,1.5,Diesel,-1,2008,10695,Westmeath
701,Renault Clio Automatic Lights and Wipers  Multifu,1,Petrol,60872,2021,10695,Waterford
702,"Renault Kadjar, 1.5 DCI **NEW MODEL/IMMACULATE**",1.5,Diesel,-1,2019,6350,Roscommon
703,Renault KADJAR S-edition Blue dCi,1.5,Diesel,29200,2019,6350,Cork
704,Renault KADJAR S-edition Blue dCi,1.5,Diesel,29200,2019,1750,Cork
705,Renault Scenic Play Blue DCI 120 My18,1.8,Diesel,9,2020,1750,Kildare
706,Renault Scenic Play Blue DCI 120 My18,1.8,Diesel,9,2020,17995,Kildare
707,Renault KADJAR 1.5 Diesel Dynamique S Nav,1.5,Diesel,124612,2017,17995,Clare
708,Renault KADJAR 1.5 Diesel Dynamique S Nav,1.5,Diesel,124612,2017,22250,Clare
709,Renault Laguna 2009,1.9,Diesel,181000,2009,22250,Sligo
710,Renault Laguna 2009,1.9,Diesel,181000,2009,25490,Sligo
711,** € 9 PER DAY ** 191 RENAULT CLIO,0.9,Petrol,54786,2019,25490,Waterford
712,** € 9 PER DAY ** 191 RENAULT CLIO,0.9,Petrol,54786,2019,26951,Waterford
713,Renault KADJAR 1.5 dCi 110 Energy Dynamique Nav,1.5,Diesel,118668,2018,26951,Dublin
714,Renault KADJAR 1.5 dCi 110 Energy Dynamique Nav,1.5,Diesel,118668,2018,18450,Dublin
715,Volkswagen Tiguan 2.0 TDI 150HP R-line,1,Petrol,-1,2022,18450,Louth
716,Audi A4 Reserve for January 2023 35 TDI 163HP S-T,1,Petrol,-1,2022,15495,Louth
717,Audi Q3 35 TDI 150HP S Tronic SE,1,Petrol,-1,2022,15495,Louth
718,Renault Grand Megane 2012,1.5,Diesel,129180,2012,20995,Wicklow
719,"Renault Clio Dynamique Nav 1.2/ 2016, Warranty",1.1,Petrol,-1,2016,41950,Kildare
720,"Renault Clio Dynamique Nav 1.2/ 2016, Warranty",1.1,Petrol,-1,2016,60239,Kildare
721,Renault Megane 1.3 TCe 140 GPF Play (059) 914177,1.3,Petrol,50500,2019,47950,Carlow
722,Renault Megane 1.3 TCe 140 GPF Play (059) 914177,1.3,Petrol,50500,2019,10250,Carlow
723,Renault Grand Scenic 1.5 DCI Expression 110 110BH,1.5,Diesel,241401,2011,10250,Dublin
724,Renault Grand Scenic 1.5 DCI Expression 110 110BH,1.5,Diesel,241401,2011,9300,Dublin
725,Renault MEGANE E-TECH Hatchback,1,Petrol,-1,2022,9300,Louth
726,Renault MEGANE E-TECH Hatchback,1,Petrol,-1,2022,16450,Louth
727,Renault clio IV Dynamique,1.1,Petrol,106000,2013,16450,Meath
728,Renault clio IV Dynamique,1.1,Petrol,106000,2013,5950,Meath
729,"Renault Clio, 2010",1.1,Petrol,-1,2010,5950,Meath
730,"Renault Clio, 2010",1.1,Petrol,-1,2010,45488,Meath
731,"Renault Grand Scenic, 2012 1.5 DCI",1.5,Diesel,-1,2012,45488,Meath
732,"Renault Grand Scenic, 2012 1.5 DCI",1.5,Diesel,-1,2012,8450,Meath
733,Renault Grand Scenic 1.5 DCI Dynamique NAV 110BHP,1.5,Diesel,165242,2018,8450,Carlow
734,Renault Grand Scenic 1.5 DCI Dynamique NAV 110BHP,1.5,Diesel,165242,2018,3999,Carlow
735,Renault Clio 1.5 DCI Dynamique NAV S/S 2016,1.5,Diesel,-1,2016,3999,Tipperary
736,Renault Clio 1.5 DCI Dynamique NAV S/S 2016,1.5,Diesel,-1,2016,-1,Tipperary
737,Renault Laguna 2010,1.5,Diesel,-1,2010,-1,Donegal
738,Renault Laguna 2010,1.5,Diesel,-1,2010,10950,Donegal
739,Renault Megane Sport Tourer Iconic TCE 5DR,1.3,Petrol,49265,2019,10950,Limerick
740,2010 Renault Fluence just NCT passed,1.5,Diesel,186000,2010,3250,Kerry
741,2010 Renault Fluence just NCT passed,1.5,Diesel,186000,2010,18990,Kerry
742,Renault Grand Scenic Long Nct  Leather  Pristine,1.5,Diesel,160934,2012,18990,Dublin
743,"Renault Clio, 2007",1.1,Petrol,201772,2007,7900,Kilkenny
744,Renault Trafic Trafic Ll29 Energy DCI 125 BUS,1.6,Diesel,130548,2017,7900,Galway
745,Renault Trafic Trafic Ll29 Energy DCI 125 BUS,1.6,Diesel,130548,2017,1650,Galway
746,Renault Grand Scenic 1.5 DCI  bose 7 Seater,1.5,Diesel,122103,2016,1650,Louth
747,Renault Grand Scenic 1.5 DCI  bose 7 Seater,1.5,Diesel,122103,2016,14600,Louth
748,Renault Clio Dynamique TCe 90,1,Petrol,11014,2022,14600,Dublin
749,Renault Megane 2008,2,Petrol,-1,2008,16995,Donegal
750,Renault Megane 2008,2,Petrol,-1,2008,20745,Donegal
751,Renault Laguna 2010,2,Diesel,-1,2010,20745,Limerick
752,Renault Laguna 2010,2,Diesel,-1,2010,6850,Limerick
753,Renault Fluence 1.5 Limited Saloon Diesel Manual,1.5,Diesel,183295,2016,6850,Cork
754,Renault Fluence 1.5 Limited Saloon Diesel Manual,1.5,Diesel,183295,2016,5600,Cork
755,2017 Renault Clio Dynamique 1.2 16V Petrol Low KMs,1.1,Petrol,-1,2017,5600,Limerick
756,2017 Renault Clio Dynamique 1.2 16V Petrol Low KMs,1.1,Petrol,-1,2017,13950,Limerick
757,2016 Renault Fluence Limited Edition 1.5 dci,1.5,Diesel,156855,2016,13950,Limerick
758,2016 Renault Fluence Limited Edition 1.5 dci,1.5,Diesel,156855,2016,13695,Limerick
759,Renault KADJAR Alloy Wheels  Chrome Trim  Front F,1.5,Diesel,79800,2016,13695,Waterford
760,Renault KADJAR Alloy Wheels  Chrome Trim  Front F,1.5,Diesel,79800,2016,10695,Waterford
761,2013 RENAULT CLIO 1.2 PETROL NCT 7/23 TAXED 1/23,1.2,Petrol,145000,2013,10695,Kerry
762,Renault Conquest Scenic 1.5dci Nct 11 23,1.5,Diesel,-1,2008,6350,Westmeath
763,Renault Clio Automatic Lights and Wipers  Multifu,1,Petrol,60872,2021,6350,Waterford
764,Renault Clio Automatic Lights and Wipers  Multifu,1,Petrol,60872,2021,1750,Waterford
765,"Renault Kadjar, 1.5 DCI **NEW MODEL/IMMACULATE**",1.5,Diesel,-1,2019,1750,Roscommon
766,"Renault Kadjar, 1.5 DCI **NEW MODEL/IMMACULATE**",1.5,Diesel,-1,2019,17995,Roscommon
767,Renault KADJAR S-edition Blue dCi,1.5,Diesel,29200,2019,17995,Cork
768,Renault KADJAR S-edition Blue dCi,1.5,Diesel,29200,2019,22250,Cork
769,Renault Scenic Play Blue DCI 120 My18,1.8,Diesel,9,2020,22250,Kildare
770,Renault Scenic Play Blue DCI 120 My18,1.8,Diesel,9,2020,25490,Kildare
771,Renault KADJAR 1.5 Diesel Dynamique S Nav,1.5,Diesel,124612,2017,25490,Clare
772,Renault KADJAR 1.5 Diesel Dynamique S Nav,1.5,Diesel,124612,2017,26951,Clare
773,Renault Laguna 2009,1.9,Diesel,181000,2009,26951,Sligo
774,Renault Laguna 2009,1.9,Diesel,181000,2009,18450,Sligo
775,** € 9 PER DAY ** 191 RENAULT CLIO,0.9,Petrol,54786,2019,18450,Waterford
776,** € 9 PER DAY ** 191 RENAULT CLIO,0.9,Petrol,54786,2019,15495,Waterford
777,Renault KADJAR 1.5 dCi 110 Energy Dynamique Nav,1.5,Diesel,118668,2018,15495,Dublin
778,Renault KADJAR 1.5 dCi 110 Energy Dynamique Nav,1.5,Diesel,118668,2018,20995,Dublin
779,Volkswagen Tiguan 2.0 TDI 150HP R-line,1,Petrol,-1,2022,20995,Louth
780,Audi A4 Reserve for January 2023 35 TDI 163HP S-T,1,Petrol,-1,2022,10495,Louth
781,Audi Q3 35 TDI 150HP S Tronic SE,1,Petrol,-1,2022,25995,Louth
782,Renault Fluence 2016,1.5,Diesel,122852,2016,10495,Limerick
783,Renault Fluence 2016,1.5,Diesel,122852,2016,9300,Limerick
784,"Renault Clio Dynamique Nav 1.2/ 2016, Warranty",1.1,Petrol,-1,2016,9300,Kildare
785,"Renault Clio Dynamique Nav 1.2/ 2016, Warranty",1.1,Petrol,-1,2016,16950,Kildare
786,Renault Megane Sport Tourer Dynamique ( One Owner,1.5,Diesel,165004,2018,16950,Dublin
787,Renault Megane Sport Tourer Dynamique ( One Owner,1.5,Diesel,165004,2018,16450,Dublin
788,Renault Grand Scenic 1.5 DCI Expression 110 110BH,1.5,Diesel,241401,2011,16450,Dublin
789,Renault MEGANE E-TECH Hatchback,1,Petrol,-1,2022,5950,Louth
790,Renault clio IV Dynamique,1.1,Petrol,106000,2013,45488,Meath
791,"Renault Clio, 2010",1.1,Petrol,-1,2010,8450,Meath
792,"Renault Grand Scenic, 2012 1.5 DCI",1.5,Diesel,-1,2012,3999,Meath
793,Renault Grand Scenic 1.5 DCI Dynamique NAV 110BHP,1.5,Diesel,165242,2018,-1,Carlow
794,Renault Clio 1.5 DCI Dynamique NAV S/S 2016,1.5,Diesel,-1,2016,10950,Tipperary
795,Renault Laguna 2010,1.5,Diesel,-1,2010,3250,Donegal
796,Renault Megane Sport Tourer Iconic TCE 5DR,1.3,Petrol,49265,2019,18990,Limerick
797,Renault Grand Scenic Long Nct  Leather  Pristine,1.5,Diesel,160934,2012,7900,Dublin
798,"Renault Clio, 2007",1.1,Petrol,201772,2007,1650,Kilkenny
799,Renault Trafic Trafic Ll29 Energy DCI 125 BUS,1.6,Diesel,130548,2017,14600,Galway
800,Renault Grand Scenic 1.5 DCI  bose 7 Seater,1.5,Diesel,122103,2016,16995,Louth
801,Renault Clio Dynamique TCe 90,1,Petrol,11014,2022,20745,Dublin
802,Renault Megane 2008,2,Petrol,-1,2008,6850,Donegal
803,Renault Laguna 2010,2,Diesel,-1,2010,5600,Limerick
804,Renault Fluence 1.5 Limited Saloon Diesel Manual,1.5,Diesel,183295,2016,13950,Cork
805,2017 Renault Clio Dynamique 1.2 16V Petrol Low KMs,1.1,Petrol,-1,2017,13695,Limerick
806,2016 Renault Fluence Limited Edition 1.5 dci,1.5,Diesel,156855,2016,10695,Limerick
807,2013 RENAULT CLIO 1.2 PETROL NCT 7/23 TAXED 1/23,1.2,Petrol,145000,2013,6350,Kerry
808,Renault Conquest Scenic 1.5dci Nct 11 23,1.5,Diesel,-1,2008,1750,Westmeath
809,Renault Clio Automatic Lights and Wipers  Multifu,1,Petrol,60872,2021,17995,Waterford
810,"Renault Kadjar, 1.5 DCI **NEW MODEL/IMMACULATE**",1.5,Diesel,-1,2019,22250,Roscommon
811,Renault KADJAR S-edition Blue dCi,1.5,Diesel,29200,2019,25490,Cork
812,Renault Scenic Play Blue DCI 120 My18,1.8,Diesel,9,2020,26951,Kildare
813,Renault KADJAR 1.5 Diesel Dynamique S Nav,1.5,Diesel,124612,2017,18450,Clare
814,Renault Laguna 2009,1.9,Diesel,181000,2009,15495,Sligo
815,** € 9 PER DAY ** 191 RENAULT CLIO,0.9,Petrol,54786,2019,20995,Waterford
816,Renault KADJAR 1.5 dCi 110 Energy Dynamique Nav,1.5,Diesel,118668,2018,60239,Dublin
817,Nissan Micra March 1.2 5DR Auto air/con bluetooth,1,Petrol,-1,2022,19999,Louth
818,Nissan X-Trail Tekna Dci full Black Leather Inter,1,Petrol,-1,2022,19999,Louth
819,Nissan March Micra 1.2 5DR Auto air/con bluetooth,1,Petrol,-1,2022,11995,Louth
820,"Renault Clio Dynamique Nav 1.2/ 2016, Warranty",1.1,Petrol,-1,2016,11995,Kildare
821,"Renault Clio Dynamique Nav 1.2/ 2016, Warranty",1.1,Petrol,-1,2016,35249,Kildare
822,Renault Captur dCi 90 Expression,1.5,Diesel,107000,2018,35249,Kildare
823,Renault Captur dCi 90 Expression,1.5,Diesel,107000,2018,5950,Kildare
824,Renault Megane Sport Tourer Dynamique ( One Owner,1.5,Diesel,165004,2018,5950,Dublin
825,Renault Megane Sport Tourer Dynamique ( One Owner,1.5,Diesel,165004,2018,45488,Dublin
826,Renault Grand Scenic 1.5 DCI Expression 110 110BH,1.5,Diesel,241401,2011,45488,Dublin
827,Renault Grand Scenic 1.5 DCI Expression 110 110BH,1.5,Diesel,241401,2011,8450,Dublin
828,Renault MEGANE E-TECH Hatchback,1,Petrol,-1,2022,8450,Louth
829,Renault MEGANE E-TECH Hatchback,1,Petrol,-1,2022,3999,Louth
830,Renault clio IV Dynamique,1.1,Petrol,106000,2013,3999,Meath
831,Renault clio IV Dynamique,1.1,Petrol,106000,2013,-1,Meath
832,"Renault Clio, 2010",1.1,Petrol,-1,2010,-1,Meath
833,"Renault Clio, 2010",1.1,Petrol,-1,2010,10950,Meath
834,"Renault Grand Scenic, 2012 1.5 DCI",1.5,Diesel,-1,2012,10950,Meath
835,"Renault Grand Scenic, 2012 1.5 DCI",1.5,Diesel,-1,2012,3250,Meath
836,Renault Grand Scenic 1.5 DCI Dynamique NAV 110BHP,1.5,Diesel,165242,2018,18990,Carlow
837,Renault Clio 1.5 DCI Dynamique NAV S/S 2016,1.5,Diesel,-1,2016,18990,Tipperary
838,Renault Laguna 2010,1.5,Diesel,-1,2010,7900,Donegal
839,Renault Megane Sport Tourer Iconic TCE 5DR,1.3,Petrol,49265,2019,7900,Limerick
840,Renault Megane Sport Tourer Iconic TCE 5DR,1.3,Petrol,49265,2019,1650,Limerick
841,2010 Renault Fluence just NCT passed,1.5,Diesel,186000,2010,1650,Kerry
842,2010 Renault Fluence just NCT passed,1.5,Diesel,186000,2010,14600,Kerry
843,Renault Grand Scenic Long Nct  Leather  Pristine,1.5,Diesel,160934,2012,14600,Dublin
844,"Renault Clio, 2007",1.1,Petrol,201772,2007,16995,Kilkenny
845,"Renault Clio, 2007",1.1,Petrol,201772,2007,20745,Kilkenny
846,Renault Trafic Trafic Ll29 Energy DCI 125 BUS,1.6,Diesel,130548,2017,20745,Galway
847,Renault Trafic Trafic Ll29 Energy DCI 125 BUS,1.6,Diesel,130548,2017,6850,Galway
848,Renault Grand Scenic 1.5 DCI  bose 7 Seater,1.5,Diesel,122103,2016,6850,Louth
849,Renault Grand Scenic 1.5 DCI  bose 7 Seater,1.5,Diesel,122103,2016,5600,Louth
850,Renault Clio Dynamique TCe 90,1,Petrol,11014,2022,5600,Dublin
851,Renault Clio Dynamique TCe 90,1,Petrol,11014,2022,13950,Dublin
852,Renault Megane 2008,2,Petrol,-1,2008,13950,Donegal
853,Renault Megane 2008,2,Petrol,-1,2008,13695,Donegal
854,Renault Laguna 2010,2,Diesel,-1,2010,13695,Limerick
855,Renault Laguna 2010,2,Diesel,-1,2010,10695,Limerick
856,Renault Fluence 1.5 Limited Saloon Diesel Manual,1.5,Diesel,183295,2016,10695,Cork
857,2017 Renault Clio Dynamique 1.2 16V Petrol Low KMs,1.1,Petrol,-1,2017,6350,Limerick
858,2016 Renault Fluence Limited Edition 1.5 dci,1.5,Diesel,156855,2016,6350,Limerick
859,2016 Renault Fluence Limited Edition 1.5 dci,1.5,Diesel,156855,2016,1750,Limerick
860,Renault KADJAR Alloy Wheels  Chrome Trim  Front F,1.5,Diesel,79800,2016,1750,Waterford
861,Renault KADJAR Alloy Wheels  Chrome Trim  Front F,1.5,Diesel,79800,2016,17995,Waterford
862,2013 RENAULT CLIO 1.2 PETROL NCT 7/23 TAXED 1/23,1.2,Petrol,145000,2013,17995,Kerry
863,2013 RENAULT CLIO 1.2 PETROL NCT 7/23 TAXED 1/23,1.2,Petrol,145000,2013,22250,Kerry
864,Renault Conquest Scenic 1.5dci Nct 11 23,1.5,Diesel,-1,2008,22250,Westmeath
865,Renault Conquest Scenic 1.5dci Nct 11 23,1.5,Diesel,-1,2008,25490,Westmeath
866,Renault Clio Automatic Lights and Wipers  Multifu,1,Petrol,60872,2021,25490,Waterford
867,Renault Clio Automatic Lights and Wipers  Multifu,1,Petrol,60872,2021,26951,Waterford
868,"Renault Kadjar, 1.5 DCI **NEW MODEL/IMMACULATE**",1.5,Diesel,-1,2019,26951,Roscommon
869,"Renault Kadjar, 1.5 DCI **NEW MODEL/IMMACULATE**",1.5,Diesel,-1,2019,18450,Roscommon
870,Renault KADJAR S-edition Blue dCi,1.5,Diesel,29200,2019,18450,Cork
871,Renault KADJAR S-edition Blue dCi,1.5,Diesel,29200,2019,15495,Cork
872,Renault Scenic Play Blue DCI 120 My18,1.8,Diesel,9,2020,15495,Kildare
873,Renault Scenic Play Blue DCI 120 My18,1.8,Diesel,9,2020,20995,Kildare
874,Renault KADJAR 1.5 Diesel Dynamique S Nav,1.5,Diesel,124612,2017,20995,Clare
875,Renault KADJAR 1.5 Diesel Dynamique S Nav,1.5,Diesel,124612,2017,41950,Clare
876,Renault Laguna 2009,1.9,Diesel,181000,2009,60239,Sligo
877,Renault Laguna 2009,1.9,Diesel,181000,2009,47950,Sligo
878,** € 9 PER DAY ** 191 RENAULT CLIO,0.9,Petrol,54786,2019,12500,Waterford
879,Volkswagen Tiguan 2.0 TDI 150HP R-line,1,Petrol,-1,2022,5950,Louth
880,Audi A4 Reserve for January 2023 35 TDI 163HP S-T,1,Petrol,-1,2022,5950,Louth
881,Audi Q3 35 TDI 150HP S Tronic SE,1,Petrol,-1,2022,45488,Louth
882,Renault Captur Iconic 1.5 Dci Automatic,1.5,Diesel,-1,2018,45488,Donegal
883,Renault Captur Iconic 1.5 Dci Automatic,1.5,Diesel,-1,2018,8450,Donegal
884,Renault Fluence 1.5 DCI 95 Limited (059) 9141377,1.5,Diesel,98500,2015,8450,Carlow
885,Renault Fluence 1.5 DCI 95 Limited (059) 9141377,1.5,Diesel,98500,2015,3999,Carlow
886,Renault Arkana S Edition E-tech Hybrid 145 Auto,1.6,Petrol,7599,2022,3999,Laois
887,Renault Arkana S Edition E-tech Hybrid 145 Auto,1.6,Petrol,7599,2022,-1,Laois
888,Renault Grand Scenic 1.5 DCI Expression 110 110BH,1.5,Diesel,241401,2011,-1,Dublin
889,Renault MEGANE E-TECH Hatchback,1,Petrol,-1,2022,10950,Louth
890,Renault clio IV Dynamique,1.1,Petrol,106000,2013,3250,Meath
891,"Renault Clio, 2010",1.1,Petrol,-1,2010,18990,Meath
892,Renault Grand Scenic 1.5 DCI Dynamique NAV 110BHP,1.5,Diesel,165242,2018,7900,Carlow
893,Renault Clio 1.5 DCI Dynamique NAV S/S 2016,1.5,Diesel,-1,2016,1650,Tipperary
894,Renault Laguna 2010,1.5,Diesel,-1,2010,14600,Donegal
895,Renault Megane Sport Tourer Iconic TCE 5DR,1.3,Petrol,49265,2019,16995,Limerick
896,2010 Renault Fluence just NCT passed,1.5,Diesel,186000,2010,20745,Kerry
897,Renault Grand Scenic Long Nct  Leather  Pristine,1.5,Diesel,160934,2012,6850,Dublin
898,"Renault Clio, 2007",1.1,Petrol,201772,2007,5600,Kilkenny
899,Renault Trafic Trafic Ll29 Energy DCI 125 BUS,1.6,Diesel,130548,2017,13950,Galway
900,Renault Grand Scenic 1.5 DCI  bose 7 Seater,1.5,Diesel,122103,2016,13695,Louth
901,Renault Clio Dynamique TCe 90,1,Petrol,11014,2022,10695,Dublin
902,Renault Laguna 2010,2,Diesel,-1,2010,6350,Limerick
903,Renault Fluence 1.5 Limited Saloon Diesel Manual,1.5,Diesel,183295,2016,1750,Cork
904,2017 Renault Clio Dynamique 1.2 16V Petrol Low KMs,1.1,Petrol,-1,2017,17995,Limerick
905,2016 Renault Fluence Limited Edition 1.5 dci,1.5,Diesel,156855,2016,22250,Limerick
906,Renault KADJAR Alloy Wheels  Chrome Trim  Front F,1.5,Diesel,79800,2016,25490,Waterford
907,2013 RENAULT CLIO 1.2 PETROL NCT 7/23 TAXED 1/23,1.2,Petrol,145000,2013,26951,Kerry
908,Renault Conquest Scenic 1.5dci Nct 11 23,1.5,Diesel,-1,2008,18450,Westmeath
909,Renault Clio Automatic Lights and Wipers  Multifu,1,Petrol,60872,2021,15495,Waterford
910,"Renault Kadjar, 1.5 DCI **NEW MODEL/IMMACULATE**",1.5,Diesel,-1,2019,20995,Roscommon
911,"Renault Kadjar, 1.5 DCI **NEW MODEL/IMMACULATE**",1.5,Diesel,-1,2019,41950,Roscommon
912,Renault KADJAR S-edition Blue dCi,1.5,Diesel,29200,2019,60239,Cork
913,Renault KADJAR S-edition Blue dCi,1.5,Diesel,29200,2019,47950,Cork
914,Renault Scenic Play Blue DCI 120 My18,1.8,Diesel,9,2020,35249,Kildare
915,Renault KADJAR 1.5 Diesel Dynamique S Nav,1.5,Diesel,124612,2017,14750,Clare
916,Renault Laguna 2009,1.9,Diesel,181000,2009,25950,Sligo
917,Volkswagen Tiguan 2.0 TDI 150HP R-line,1,Petrol,-1,2022,8450,Louth
918,Audi A4 Reserve for January 2023 35 TDI 163HP S-T,1,Petrol,-1,2022,8450,Louth
919,Audi Q3 35 TDI 150HP S Tronic SE,1,Petrol,-1,2022,3999,Louth
920,2013 RENAULT FLUENCE,1.5,Diesel,125000,2013,3999,Dublin
921,2013 RENAULT FLUENCE,1.5,Diesel,125000,2013,-1,Dublin
922,Renault Clio Lovely High Spec Clio,1.1,Petrol,87750,2017,-1,Dublin
923,Renault Clio Lovely High Spec Clio,1.1,Petrol,87750,2017,10950,Dublin
924,RENAULT GRAND SCENIC  2017  1.5DCI DYNAMIQUE €90PW,1.5,Diesel,-1,2017,10950,Waterford
925,RENAULT GRAND SCENIC  2017  1.5DCI DYNAMIQUE €90PW,1.5,Diesel,-1,2017,3250,Waterford
926,Renault Grand Scenic 1.5 DCI Expression 110 110BH,1.5,Diesel,241401,2011,3250,Dublin
927,Renault MEGANE E-TECH Hatchback,1,Petrol,-1,2022,18990,Louth
928,"Renault Clio, 2010",1.1,Petrol,-1,2010,7900,Meath
929,"Renault Grand Scenic, 2012 1.5 DCI",1.5,Diesel,-1,2012,1650,Meath
930,Renault Grand Scenic 1.5 DCI Dynamique NAV 110BHP,1.5,Diesel,165242,2018,14600,Carlow
931,Renault Clio 1.5 DCI Dynamique NAV S/S 2016,1.5,Diesel,-1,2016,16995,Tipperary
932,Renault Laguna 2010,1.5,Diesel,-1,2010,20745,Donegal
933,Renault Megane Sport Tourer Iconic TCE 5DR,1.3,Petrol,49265,2019,6850,Limerick
934,2010 Renault Fluence just NCT passed,1.5,Diesel,186000,2010,5600,Kerry
935,Renault Grand Scenic Long Nct  Leather  Pristine,1.5,Diesel,160934,2012,13950,Dublin
936,"Renault Clio, 2007",1.1,Petrol,201772,2007,13695,Kilkenny
937,Renault Trafic Trafic Ll29 Energy DCI 125 BUS,1.6,Diesel,130548,2017,10695,Galway
938,Renault Clio Dynamique TCe 90,1,Petrol,11014,2022,6350,Dublin
939,Renault Megane 2008,2,Petrol,-1,2008,1750,Donegal
940,Renault Laguna 2010,2,Diesel,-1,2010,17995,Limerick
941,Renault Fluence 1.5 Limited Saloon Diesel Manual,1.5,Diesel,183295,2016,22250,Cork
942,2017 Renault Clio Dynamique 1.2 16V Petrol Low KMs,1.1,Petrol,-1,2017,25490,Limerick
943,2016 Renault Fluence Limited Edition 1.5 dci,1.5,Diesel,156855,2016,26951,Limerick
944,Renault KADJAR Alloy Wheels  Chrome Trim  Front F,1.5,Diesel,79800,2016,18450,Waterford
945,2013 RENAULT CLIO 1.2 PETROL NCT 7/23 TAXED 1/23,1.2,Petrol,145000,2013,15495,Kerry
946,Renault Conquest Scenic 1.5dci Nct 11 23,1.5,Diesel,-1,2008,20995,Westmeath
947,Renault Conquest Scenic 1.5dci Nct 11 23,1.5,Diesel,-1,2008,41950,Westmeath
948,Renault Clio Automatic Lights and Wipers  Multifu,1,Petrol,60872,2021,60239,Waterford
949,Renault Clio Automatic Lights and Wipers  Multifu,1,Petrol,60872,2021,47950,Waterford
950,"Renault Kadjar, 1.5 DCI **NEW MODEL/IMMACULATE**",1.5,Diesel,-1,2019,12500,Roscommon
951,Renault KADJAR S-edition Blue dCi,1.5,Diesel,29200,2019,14950,Cork
952,Volkswagen Tiguan 2.0 TDI 150HP R-line,1,Petrol,-1,2022,10950,Louth
953,Audi A4 Reserve for January 2023 35 TDI 163HP S-T,1,Petrol,-1,2022,10950,Louth
954,Renault Arkana S Edition E-tech Hybrid 145 Auto,1.6,Petrol,7599,2022,3250,Laois
955,Renault Arkana S Edition E-tech Hybrid 145 Auto,1.6,Petrol,7599,2022,18990,Laois
956,Renault KADJAR Dynamique Nav,1.5,Diesel,-1,2016,18990,Cavan
957,Renault KADJAR Dynamique Nav,1.5,Diesel,-1,2016,3250,Cavan
958,RENAULT MASTER 2.3 LM35 DCI BUSINESS,2.3,Diesel,91000,2020,3250,Wicklow
959,RENAULT MASTER 2.3 LM35 DCI BUSINESS,2.3,Diesel,91000,2020,7900,Wicklow
960,Renault Grand Scenic 1.5 DCI Expression 110 110BH,1.5,Diesel,241401,2011,1650,Dublin
961,Renault MEGANE E-TECH Hatchback,1,Petrol,-1,2022,14600,Louth
962,Renault clio IV Dynamique,1.1,Petrol,106000,2013,16995,Meath
963,"Renault Clio, 2010",1.1,Petrol,-1,2010,20745,Meath
964,"Renault Grand Scenic, 2012 1.5 DCI",1.5,Diesel,-1,2012,6850,Meath
965,Renault Grand Scenic 1.5 DCI Dynamique NAV 110BHP,1.5,Diesel,165242,2018,5600,Carlow
966,Renault Clio 1.5 DCI Dynamique NAV S/S 2016,1.5,Diesel,-1,2016,13950,Tipperary
967,Renault Laguna 2010,1.5,Diesel,-1,2010,13695,Donegal
968,Renault Megane Sport Tourer Iconic TCE 5DR,1.3,Petrol,49265,2019,10695,Limerick
969,Renault Grand Scenic Long Nct  Leather  Pristine,1.5,Diesel,160934,2012,6350,Dublin
970,"Renault Clio, 2007",1.1,Petrol,201772,2007,1750,Kilkenny
971,Renault Trafic Trafic Ll29 Energy DCI 125 BUS,1.6,Diesel,130548,2017,17995,Galway
972,Renault Grand Scenic 1.5 DCI  bose 7 Seater,1.5,Diesel,122103,2016,22250,Louth
973,Renault Clio Dynamique TCe 90,1,Petrol,11014,2022,25490,Dublin
974,Renault Megane 2008,2,Petrol,-1,2008,26951,Donegal
975,Renault Laguna 2010,2,Diesel,-1,2010,18450,Limerick
976,Renault Fluence 1.5 Limited Saloon Diesel Manual,1.5,Diesel,183295,2016,15495,Cork
977,2017 Renault Clio Dynamique 1.2 16V Petrol Low KMs,1.1,Petrol,-1,2017,20995,Limerick
978,2016 Renault Fluence Limited Edition 1.5 dci,1.5,Diesel,156855,2016,10495,Limerick
979,Renault KADJAR Alloy Wheels  Chrome Trim  Front F,1.5,Diesel,79800,2016,25995,Waterford
980,Renault KADJAR Alloy Wheels  Chrome Trim  Front F,1.5,Diesel,79800,2016,10495,Waterford
981,2013 RENAULT CLIO 1.2 PETROL NCT 7/23 TAXED 1/23,1.2,Petrol,145000,2013,16950,Kerry
982,Renault Conquest Scenic 1.5dci Nct 11 23,1.5,Diesel,-1,2008,8395,Westmeath
983,Volkswagen Tiguan 2.0 TDI 150HP R-line,1,Petrol,-1,2022,3250,Louth
984,Audi Q3 35 TDI 150HP S Tronic SE,1,Petrol,-1,2022,7900,Louth
985,Renault Clio Lovely High Spec Clio,1.1,Petrol,87750,2017,7900,Dublin
986,Renault Clio Lovely High Spec Clio,1.1,Petrol,87750,2017,1650,Dublin
987,Renault Megane 1.5 Diesel NEW NCT/TAX,1.5,Diesel,-1,2010,1650,Sligo
988,Renault Megane 1.5 Diesel NEW NCT/TAX,1.5,Diesel,-1,2010,14600,Sligo
989,Renault Megane  Dynamique S Nav 2017,1.5,Diesel,146000,2017,14600,Clare
990,Renault Megane  Dynamique S Nav 2017,1.5,Diesel,146000,2017,16995,Clare
991,Renault Grand Scenic 1.5 DCI Expression 110 110BH,1.5,Diesel,241401,2011,20745,Dublin
992,Renault MEGANE E-TECH Hatchback,1,Petrol,-1,2022,6850,Louth
993,Renault clio IV Dynamique,1.1,Petrol,106000,2013,5600,Meath
994,"Renault Clio, 2010",1.1,Petrol,-1,2010,13950,Meath
995,"Renault Grand Scenic, 2012 1.5 DCI",1.5,Diesel,-1,2012,13695,Meath
996,Renault Grand Scenic 1.5 DCI Dynamique NAV 110BHP,1.5,Diesel,165242,2018,10695,Carlow
997,Renault Laguna 2010,1.5,Diesel,-1,2010,6350,Donegal
998,Renault Megane Sport Tourer Iconic TCE 5DR,1.3,Petrol,49265,2019,1750,Limerick
999,2010 Renault Fluence just NCT passed,1.5,Diesel,186000,2010,17995,Kerry
1000,Renault Grand Scenic Long Nct  Leather  Pristine,1.5,Diesel,160934,2012,22250,Dublin
1001,"Renault Clio, 2007",1.1,Petrol,201772,2007,25490,Kilkenny
1002,Renault Trafic Trafic Ll29 Energy DCI 125 BUS,1.6,Diesel,130548,2017,26951,Galway
1003,Renault Grand Scenic 1.5 DCI  bose 7 Seater,1.5,Diesel,122103,2016,18450,Louth
1004,Renault Clio Dynamique TCe 90,1,Petrol,11014,2022,15495,Dublin
1005,Renault Megane 2008,2,Petrol,-1,2008,20995,Donegal
1006,Renault Laguna 2010,2,Diesel,-1,2010,41950,Limerick
1007,Renault Fluence 1.5 Limited Saloon Diesel Manual,1.5,Diesel,183295,2016,60239,Cork
1008,Renault Fluence 1.5 Limited Saloon Diesel Manual,1.5,Diesel,183295,2016,47950,Cork
1009,2017 Renault Clio Dynamique 1.2 16V Petrol Low KMs,1.1,Petrol,-1,2017,26950,Limerick
1010,2016 Renault Fluence Limited Edition 1.5 dci,1.5,Diesel,156855,2016,13295,Limerick
1011,Nissan Micra March 1.2 5DR Auto air/con bluetooth,1,Petrol,-1,2022,1650,Louth
1012,Nissan March Micra 1.2 5DR Auto air/con bluetooth,1,Petrol,-1,2022,14600,Louth
1013,Renault Captur dCi 90 Expression,1.5,Diesel,107000,2018,14600,Kildare
1014,Renault Captur dCi 90 Expression,1.5,Diesel,107000,2018,16995,Kildare
1015,Renault Megane 1.5 Diesel NEW NCT/TAX,1.5,Diesel,-1,2010,16995,Sligo
1016,Renault Megane 1.5 Diesel NEW NCT/TAX,1.5,Diesel,-1,2010,20745,Sligo
1017,Simply Stunning Renault Clio,1.1,Petrol,-1,2013,20745,Dublin
1018,Simply Stunning Renault Clio,1.1,Petrol,-1,2013,6850,Dublin
1019,Renault Grand Scenic 1.5 DCI Expression 110 110BH,1.5,Diesel,241401,2011,5600,Dublin
1020,Renault MEGANE E-TECH Hatchback,1,Petrol,-1,2022,13950,Louth
1021,Renault clio IV Dynamique,1.1,Petrol,106000,2013,13695,Meath
1022,"Renault Clio, 2010",1.1,Petrol,-1,2010,10695,Meath
1023,"Renault Grand Scenic, 2012 1.5 DCI",1.5,Diesel,-1,2012,16995,Meath
1024,Renault Grand Scenic 1.5 DCI Dynamique NAV 110BHP,1.5,Diesel,165242,2018,6350,Carlow
1025,Renault Clio 1.5 DCI Dynamique NAV S/S 2016,1.5,Diesel,-1,2016,1750,Tipperary
1026,Renault Laguna 2010,1.5,Diesel,-1,2010,17995,Donegal
1027,Renault Megane Sport Tourer Iconic TCE 5DR,1.3,Petrol,49265,2019,22250,Limerick
1028,2010 Renault Fluence just NCT passed,1.5,Diesel,186000,2010,25490,Kerry
1029,Renault Grand Scenic Long Nct  Leather  Pristine,1.5,Diesel,160934,2012,26951,Dublin
1030,"Renault Clio, 2007",1.1,Petrol,201772,2007,18450,Kilkenny
1031,Renault Trafic Trafic Ll29 Energy DCI 125 BUS,1.6,Diesel,130548,2017,15495,Galway
1032,Renault Grand Scenic 1.5 DCI  bose 7 Seater,1.5,Diesel,122103,2016,20995,Louth
1033,Renault Clio Dynamique TCe 90,1,Petrol,11014,2022,17449,Dublin
1034,Renault Megane 2008,2,Petrol,-1,2008,55949,Donegal
1035,Renault Megane 2008,2,Petrol,-1,2008,33949,Donegal
1036,Renault Laguna 2010,2,Diesel,-1,2010,16450,Limerick
1037,Renault Fluence 1.5 Limited Saloon Diesel Manual,1.5,Diesel,183295,2016,13295,Cork
1038,2017 Renault Clio Dynamique 1.2 16V Petrol Low KMs,1.1,Petrol,-1,2017,34950,Limerick
1039,Volkswagen Tiguan 2.0 TDI 150HP R-line,1,Petrol,-1,2022,16995,Louth
1040,Audi A4 Reserve for January 2023 35 TDI 163HP S-T,1,Petrol,-1,2022,16995,Louth
1041,Audi Q3 35 TDI 150HP S Tronic SE,1,Petrol,-1,2022,20745,Louth
1042,Renault KADJAR Iconic Blue DCI 115 (059)9141377,1.5,Diesel,42600,2020,20745,Carlow
1043,Renault KADJAR Iconic Blue DCI 115 (059)9141377,1.5,Diesel,42600,2020,6850,Carlow
1044,"Renault Captur, 2016",1.5,Diesel,74552,2016,6850,Dublin
1045,"Renault Captur, 2016",1.5,Diesel,74552,2016,5600,Dublin
1046,RENAULT MASTER 2.3 LM35 DCI BUSINESS,2.3,Diesel,91000,2020,5600,Wicklow
1047,RENAULT MASTER 2.3 LM35 DCI BUSINESS,2.3,Diesel,91000,2020,13950,Wicklow
1048,Renault Grand Scenic 1.5 DCI Expression 110 110BH,1.5,Diesel,241401,2011,13695,Dublin
1049,Renault MEGANE E-TECH Hatchback,1,Petrol,-1,2022,10695,Louth
1050,"Renault Clio, 2010",1.1,Petrol,-1,2010,6350,Meath
1051,"Renault Grand Scenic, 2012 1.5 DCI",1.5,Diesel,-1,2012,1750,Meath
1052,Renault Grand Scenic 1.5 DCI Dynamique NAV 110BHP,1.5,Diesel,165242,2018,17995,Carlow
1053,Renault Clio 1.5 DCI Dynamique NAV S/S 2016,1.5,Diesel,-1,2016,22250,Tipperary
1054,Renault Laguna 2010,1.5,Diesel,-1,2010,25490,Donegal
1055,Renault Megane Sport Tourer Iconic TCE 5DR,1.3,Petrol,49265,2019,26951,Limerick
1056,2010 Renault Fluence just NCT passed,1.5,Diesel,186000,2010,18450,Kerry
1057,Renault Grand Scenic Long Nct  Leather  Pristine,1.5,Diesel,160934,2012,15495,Dublin
1058,"Renault Clio, 2007",1.1,Petrol,201772,2007,20995,Kilkenny
1059,Renault Trafic Trafic Ll29 Energy DCI 125 BUS,1.6,Diesel,130548,2017,17449,Galway
1060,Renault Grand Scenic 1.5 DCI  bose 7 Seater,1.5,Diesel,122103,2016,55949,Louth
1061,Renault Grand Scenic 1.5 DCI  bose 7 Seater,1.5,Diesel,122103,2016,33949,Louth
1062,Renault Clio Dynamique TCe 90,1,Petrol,11014,2022,23650,Dublin
1063,Renault Megane 2008,2,Petrol,-1,2008,13295,Donegal
1064,Renault Laguna 2010,2,Diesel,-1,2010,19999,Limerick
1065,Toyota Auris 1.2t Luna Call Today Ph (01) 4606070,1,Petrol,-1,2022,6850,Louth
1066,Toyota Rav4 2.5 AWD Plug In Hybrid Sport Call Tod,1,Petrol,-1,2022,6850,Louth
1067,Mitsubishi Outlander 2.2d Black Line 4WD 7 Seater,1,Petrol,-1,2022,5600,Louth
1068,Renault Megane Sport Tourer Dynamique ( One Owner,1.5,Diesel,165004,2018,5600,Dublin
1069,Renault Megane Sport Tourer Dynamique ( One Owner,1.5,Diesel,165004,2018,13950,Dublin
1070,"Renault Captur, 2016",1.5,Diesel,74552,2016,13950,Dublin
1071,"Renault Captur, 2016",1.5,Diesel,74552,2016,13695,Dublin
1072,Renault Arkana R.s. Line TCE 140 Auto Mild Hybrid,1.3,Petrol,29015,2021,13695,Carlow
1073,Renault Arkana R.s. Line TCE 140 Auto Mild Hybrid,1.3,Petrol,29015,2021,10695,Carlow
1074,Renault Grand Scenic 1.5 DCI Expression 110 110BH,1.5,Diesel,241401,2011,10695,Dublin
1075,Renault MEGANE E-TECH Hatchback,1,Petrol,-1,2022,16995,Louth
1076,Renault clio IV Dynamique,1.1,Petrol,106000,2013,6350,Meath
1077,"Renault Clio, 2010",1.1,Petrol,-1,2010,1750,Meath
1078,"Renault Grand Scenic, 2012 1.5 DCI",1.5,Diesel,-1,2012,17995,Meath
1079,Renault Grand Scenic 1.5 DCI Dynamique NAV 110BHP,1.5,Diesel,165242,2018,22250,Carlow
1080,Renault Clio 1.5 DCI Dynamique NAV S/S 2016,1.5,Diesel,-1,2016,25490,Tipperary
1081,Renault Laguna 2010,1.5,Diesel,-1,2010,26951,Donegal
1082,Renault Megane Sport Tourer Iconic TCE 5DR,1.3,Petrol,49265,2019,18450,Limerick
1083,2010 Renault Fluence just NCT passed,1.5,Diesel,186000,2010,15495,Kerry
1084,Renault Grand Scenic Long Nct  Leather  Pristine,1.5,Diesel,160934,2012,20995,Dublin
1085,Renault Grand Scenic Long Nct  Leather  Pristine,1.5,Diesel,160934,2012,10495,Dublin
1086,"Renault Clio, 2007",1.1,Petrol,201772,2007,25995,Kilkenny
1087,"Renault Clio, 2007",1.1,Petrol,201772,2007,10495,Kilkenny
1088,Renault Grand Scenic 1.5 DCI  bose 7 Seater,1.5,Diesel,122103,2016,30870,Louth
1089,Renault Clio Dynamique TCe 90,1,Petrol,11014,2022,14750,Dublin
1090,Toyota Rav4 2.5 AWD Plug In Hybrid Sport Call Tod,1,Petrol,-1,2022,13950,Louth
1091,Renault Captur TCe 100 Iconic Petrol Only 8890 Kms,1,Petrol,100,2020,10695,Carlow
1092,"Renault Captur, 2016",1.5,Diesel,74552,2016,10695,Dublin
1093,"Renault Captur, 2016",1.5,Diesel,74552,2016,16995,Dublin
1094,Renault Captur Iconic 1.5 Dci Automatic,1.5,Diesel,-1,2018,16995,Donegal
1095,Renault Captur Iconic 1.5 Dci Automatic,1.5,Diesel,-1,2018,6350,Donegal
1096,Renault Grand Scenic 1.5 DCI Expression 110 110BH,1.5,Diesel,241401,2011,6350,Dublin
1097,Renault MEGANE E-TECH Hatchback,1,Petrol,-1,2022,1750,Louth
1098,Renault clio IV Dynamique,1.1,Petrol,106000,2013,17995,Meath
1099,"Renault Clio, 2010",1.1,Petrol,-1,2010,22250,Meath
1100,"Renault Grand Scenic, 2012 1.5 DCI",1.5,Diesel,-1,2012,25490,Meath
1101,Renault Grand Scenic 1.5 DCI Dynamique NAV 110BHP,1.5,Diesel,165242,2018,26951,Carlow
1102,Renault Clio 1.5 DCI Dynamique NAV S/S 2016,1.5,Diesel,-1,2016,18450,Tipperary
1103,Renault Laguna 2010,1.5,Diesel,-1,2010,15495,Donegal
1104,Renault Megane Sport Tourer Iconic TCE 5DR,1.3,Petrol,49265,2019,20995,Limerick
1105,Renault Megane Sport Tourer Iconic TCE 5DR,1.3,Petrol,49265,2019,10495,Limerick
1106,2010 Renault Fluence just NCT passed,1.5,Diesel,186000,2010,25995,Kerry
1107,2010 Renault Fluence just NCT passed,1.5,Diesel,186000,2010,10495,Kerry
1108,Renault Grand Scenic Long Nct  Leather  Pristine,1.5,Diesel,160934,2012,16950,Dublin
1109,"Renault Clio, 2007",1.1,Petrol,201772,2007,4950,Kilkenny
1110,Renault Trafic Trafic Ll29 Energy DCI 125 BUS,1.6,Diesel,130548,2017,34950,Galway
1111,Nissan Micra March 1.2 5DR Auto air/con bluetooth,1,Petrol,-1,2022,10695,Louth
1112,Nissan X-Trail Tekna Dci full Black Leather Inter,1,Petrol,-1,2022,10695,Louth
1113,RENAULT GRAND SCENIC  2017  1.5DCI DYNAMIQUE €90PW,1.5,Diesel,-1,2017,16995,Waterford
1114,RENAULT GRAND SCENIC  2017  1.5DCI DYNAMIQUE €90PW,1.5,Diesel,-1,2017,6350,Waterford
1115,Renault Clio E-tech HEV 140 My20 Hybrid Available,1.6,Petrol,20,2022,6350,Carlow
1116,Renault Clio E-tech HEV 140 My20 Hybrid Available,1.6,Petrol,20,2022,1750,Carlow
1117,Renault KADJAR Dynamique Nav,1.5,Diesel,-1,2016,1750,Cavan
1118,Renault KADJAR Dynamique Nav,1.5,Diesel,-1,2016,17995,Cavan
1119,Renault Grand Scenic 1.5 DCI Expression 110 110BH,1.5,Diesel,241401,2011,17995,Dublin
1120,Renault MEGANE E-TECH Hatchback,1,Petrol,-1,2022,22250,Louth
1121,Renault clio IV Dynamique,1.1,Petrol,106000,2013,25490,Meath
1122,"Renault Clio, 2010",1.1,Petrol,-1,2010,26951,Meath
1123,"Renault Grand Scenic, 2012 1.5 DCI",1.5,Diesel,-1,2012,18450,Meath
1124,Renault Grand Scenic 1.5 DCI Dynamique NAV 110BHP,1.5,Diesel,165242,2018,15495,Carlow
1125,Renault Clio 1.5 DCI Dynamique NAV S/S 2016,1.5,Diesel,-1,2016,20995,Tipperary
1126,Renault Laguna 2010,1.5,Diesel,-1,2010,25995,Donegal
1127,Renault Megane Sport Tourer Iconic TCE 5DR,1.3,Petrol,49265,2019,6950,Limerick
1128,2010 Renault Fluence just NCT passed,1.5,Diesel,186000,2010,18449,Kerry
1129,Renault Grand Scenic Long Nct  Leather  Pristine,1.5,Diesel,160934,2012,1700,Dublin
1130,Nissan X-Trail Tekna Dci full Black Leather Inter,1,Petrol,-1,2022,6350,Louth
1131,Renault Clio Dynamique TCE 100 My19 5DR V,1,Petrol,17999,2020,1750,Cork
1132,Renault Scenic 1.5dci Tomtom 5 Seater High Spec,1.5,Diesel,278100,2010,17995,Carlow
1133,Renault Scenic 1.5dci Tomtom 5 Seater High Spec,1.5,Diesel,278100,2010,22250,Carlow
1134,Renault Arkana R.s. Line TCE 140 Auto Mild Hybrid,1.3,Petrol,29015,2021,22250,Carlow
1135,Renault Arkana R.s. Line TCE 140 Auto Mild Hybrid,1.3,Petrol,29015,2021,25490,Carlow
1136,Renault Grand Scenic 1.5 DCI Expression 110 110BH,1.5,Diesel,241401,2011,25490,Dublin
1137,Renault MEGANE E-TECH Hatchback,1,Petrol,-1,2022,26951,Louth
1138,Renault clio IV Dynamique,1.1,Petrol,106000,2013,18450,Meath
1139,"Renault Clio, 2010",1.1,Petrol,-1,2010,15495,Meath
1140,"Renault Grand Scenic, 2012 1.5 DCI",1.5,Diesel,-1,2012,20995,Meath
1141,"Renault Grand Scenic, 2012 1.5 DCI",1.5,Diesel,-1,2012,41950,Meath
1142,Renault Grand Scenic 1.5 DCI Dynamique NAV 110BHP,1.5,Diesel,165242,2018,60239,Carlow
1143,Renault Grand Scenic 1.5 DCI Dynamique NAV 110BHP,1.5,Diesel,165242,2018,47950,Carlow
1144,Renault Clio 1.5 DCI Dynamique NAV S/S 2016,1.5,Diesel,-1,2016,6999,Tipperary
1145,Renault Laguna 2010,1.5,Diesel,-1,2010,31950,Donegal
1146,Nissan Micra March 1.2 5DR Auto air/con bluetooth,1,Petrol,-1,2022,22250,Louth
1147,Nissan X-Trail Tekna Dci full Black Leather Inter,1,Petrol,-1,2022,22250,Louth
1148,Nissan March Micra 1.2 5DR Auto air/con bluetooth,1,Petrol,-1,2022,25490,Louth
1149,2013 Renault Megane 1.5 Diesel Manual Hatchback,1.5,Diesel,-1,2013,25490,Wexford
1150,2013 Renault Megane 1.5 Diesel Manual Hatchback,1.5,Diesel,-1,2013,26951,Wexford
1151,Renault KADJAR 1.2 Dynamique NAV TCE 5 5DR SUV .f,1.2,Petrol,83676,2017,26951,Meath
1152,Renault KADJAR 1.2 Dynamique NAV TCE 5 5DR SUV .f,1.2,Petrol,83676,2017,18450,Meath
1153,Car,1.5,Diesel,178790,2010,18450,Cork
1154,Car,1.5,Diesel,178790,2010,15495,Cork
1155,Renault Grand Scenic 1.5 DCI Expression 110 110BH,1.5,Diesel,241401,2011,20995,Dublin
1156,Renault MEGANE E-TECH Hatchback,1,Petrol,-1,2022,17449,Louth
1157,Renault clio IV Dynamique,1.1,Petrol,106000,2013,33949,Meath
1158,,,,,,,
1159,,,,,,,
1160,,,,,,,
1161,,,,,,,
1162,,,,,,,
1163,,,,,,,
1164,,,,,,,
1165,,,,,,,
1166,,,,,,,
1167,,,,,,,
1168,,,,,,,
1169,,,,,,,
1170,,,,,,,
1171,,,,,,,
1172,,,,,,,
1173,,,,,,,
1174,,,,,,,
1175,,,,,,,
1176,,,,,,,
1177,,,,,,,
1178,,,,,,,
1179,,,,,,,
1180,,,,,,,
1181,,,,,,,
1182,,,,,,,
1183,,,,,,,
1184,,,,,,,
1185,,,,,,,
1186,,,,,,,
1187,,,,,,,
1188,,,,,,,
1189,,,,,,,
1190,,,,,,,
1191,,,,,,,
1192,,,,,,,
1193,,,,,,,
1194,,,,,,,
1195,,,,,,,
1196,,,,,,,
1197,,,,,,,
1198,,,,,,,
1199,,,,,,,
1200,,,,,,,
1201,,,,,,,
1202,,,,,,,
1203,,,,,,,
1204,,,,,,,
1205,,,,,,,
1206,,,,,,,
1207,,,,,,,
1208,,,,,,,
1209,,,,,,,
1210,,,,,,,
1211,,,,,,,
1212,,,,,,,
1213,,,,,,,
1214,,,,,,,
1215,,,,,,,
1216,,,,,,,
1217,,,,,,,
1218,,,,,,,
1219,,,,,,,
1220,,,,,,,
1221,,,,,,,
1222,,,,,,,
1223,,,,,,,
1224,,,,,,,
1225,,,,,,,
1226,,,,,,,
1227,,,,,,,
1228,,,,,,,
1229,,,,,,,
1230,,,,,,,
1231,,,,,,,
1232,,,,,,,
1233,,,,,,,
1234,,,,,,,
1235,,,,,,,
1236,,,,,,,
1237,,,,,,,
1238,,,,,,,
1239,,,,,,,
1240,,,,,,,
1241,,,,,,,
1242,,,,,,,
1243,,,,,,,
1244,,,,,,,
1245,,,,,,,
1246,,,,,,,
1247,,,,,,,
1248,,,,,,,
1249,,,,,,,
1250,,,,,,,
1251,,,,,,,
1252,,,,,,,
1253,,,,,,,
1254,,,,,,,
1255,,,,,,,
1256,,,,,,,
1257,,,,,,,
1258,,,,,,,
1259,,,,,,,
1260,,,,,,,
1261,,,,,,,
1262,,,,,,,
1263,,,,,,,
1264,,,,,,,
1265,,,,,,,
1266,,,,,,,
1267,,,,,,,
1268,,,,,,,
1269,,,,,,,
1270,,,,,,,
1271,,,,,,,
1272,,,,,,,
1273,,,,,,,
1274,,,,,,,
1275,,,,,,,
1276,,,,,,,
1277,,,,,,,
1278,,,,,,,
1279,,,,,,,
1280,,,,,,,
1281,,,,,,,
1282,,,,,,,
1283,,,,,,,
1284,,,,,,,
1285,,,,,,,
1286,,,,,,,
1287,,,,,,,
1288,,,,,,,
1289,,,,,,,
1290,,,,,,,
1291,,,,,,,
1292,,,,,,,
1293,,,,,,,
1294,,,,,,,
1295,,,,,,,
1296,,,,,,,
1297,,,,,,,
1298,,,,,,,
1299,,,,,,,
1300,,,,,,,
1301,,,,,,,
1302,,,,,,,
1303,,,,,,,
1304,,,,,,,
1305,,,,,,,
1306,,,,,,,
1307,,,,,,,
1308,,,,,,,
1309,,,,,,,
1310,,,,,,,
1311,,,,,,,
1312,,,,,,,
1313,,,,,,,
1314,,,,,,,
1315,,,,,,,
1316,,,,,,,
1317,,,,,,,
1318,,,,,,,
1319,,,,,,,
1320,,,,,,,
1321,,,,,,,
1322,,,,,,,
1323,,,,,,,
1324,,,,,,,
1325,,,,,,,
1326,,,,,,,
1327,,,,,,,
1328,,,,,,,
1329,,,,,,,
1330,,,,,,,
1331,,,,,,,
1332,,,,,,,
1333,,,,,,,
1334,,,,,,,
1335,,,,,,,
1336,,,,,,,
1337,,,,,,,
1338,,,,,,,
1339,,,,,,,
1340,,,,,,,
1341,,,,,,,
1342,,,,,,,
1343,,,,,,,
1344,,,,,,,
1345,,,,,,,
1346,,,,,,,
1347,,,,,,,
1348,,,,,,,
1349,,,,,,,
1350,,,,,,,
1351,,,,,,,
1352,,,,,,,
1353,,,,,,,
1354,,,,,,,
1355,,,,,,,
1356,,,,,,,
1357,,,,,,,
1358,,,,,,,
1359,,,,,,,
1360,,,,,,,
1361,,,,,,,
1362,,,,,,,
1363,,,,,,,
1364,,,,,,,
1365,,,,,,,
1366,,,,,,,
1367,,,,,,,
1368,,,,,,,
1369,,,,,,,
1370,,,,,,,
1371,,,,,,,
1372,,,,,,,
1373,,,,,,,
1374,,,,,,,
1375,,,,,,,
1376,,,,,,,
1377,,,,,,,
1378,,,,,,,
1379,,,,,,,
1380,,,,,,,
1381,,,,,,,
1382,,,,,,,
1383,,,,,,,
1384,,,,,,,
1385,,,,,,,
1386,,,,,,,
1387,,,,,,,
1388,,,,,,,
1389,,,,,,,
1390,,,,,,,
1391,,,,,,,
1392,,,,,,,
1393,,,,,,,
1394,,,,,,,
1395,,,,,,,
1396,,,,,,,
1397,,,,,,,
1398,,,,,,,
1399,,,,,,,
1400,,,,,,,
1401,,,,,,,
1402,,,,,,,
1403,,,,,,,
1404,,,,,,,
1405,,,,,,,
1406,,,,,,,
1407,,,,,,,
1408,,,,,,,
1409,,,,,,,
1410,,,,,,,
1411,,,,,,,
1412,,,,,,,
1413,,,,,,,
1414,,,,,,,
1415,,,,,,,
1416,,,,,,,
1417,,,,,,,
1418,,,,,,,
1419,,,,,,,
1420,,,,,,,
1421,,,,,,,
1422,,,,,,,
1423,,,,,,,
1424,,,,,,,
1425,,,,,,,
1426,,,,,,,
1427,,,,,,,
1428,,,,,,,
1429,,,,,,,
1430,,,,,,,
1431,,,,,,,
1432,,,,,,,
1433,,,,,,,
1434,,,,,,,
1435,,,,,,,
1436,,,,,,,
1437,,,,,,,
1438,,,,,,,
1439,,,,,,,
1440,,,,,,,
1441,,,,,,,
1442,,,,,,,
1443,,,,,,,
1444,,,,,,,
1445,,,,,,,
1446,,,,,,,
1447,,,,,,,
1448,,,,,,,
1449,,,,,,,
1450,,,,,,,
1451,,,,,,,
1452,,,,,,,
1453,,,,,,,
1454,,,,,,,
1455,,,,,,,
1456,,,,,,,
1457,,,,,,,
1458,,,,,,,
1459,,,,,,,
1460,,,,,,,
1461,,,,,,,
1462,,,,,,,
1463,,,,,,,
1464,,,,,,,
1465,,,,,,,
1466,,,,,,,
1467,,,,,,,
1468,,,,,,,
1469,,,,,,,
1470,,,,,,,
1471,,,,,,,
1472,,,,,,,
1473,,,,,,,
1474,,,,,,,
1475,,,,,,,
1476,,,,,,,
1477,,,,,,,
1478,,,,,,,
1479,,,,,,,
1480,,,,,,,
1481,,,,,,,
1482,,,,,,,
1483,,,,,,,
1484,,,,,,,
1485,,,,,,,
1486,,,,,,,
1487,,,,,,,
1488,,,,,,,
1489,,,,,,,
1490,,,,,,,
1491,,,,,,,
1492,,,,,,,
1493,,,,,,,
1494,,,,,,,
1495,,,,,,,
1496,,,,,,,
1497,,,,,,,
1498,,,,,,,
1499,,,,,,,
1500,,,,,,,
1501,,,,,,,
1502,,,,,,,
1503,,,,,,,
1504,,,,,,,
1505,,,,,,,
1506,,,,,,,
1507,,,,,,,
1508,,,,,,,
1509,,,,,,,
1510,,,,,,,
1511,,,,,,,
1512,,,,,,,
1513,,,,,,,
1514,,,,,,,
1515,,,,,,,
1516,,,,,,,
1517,,,,,,,
1518,,,,,,,
1519,,,,,,,
1520,,,,,,,
1521,,,,,,,
1522,,,,,,,
1523,,,,,,,
1524,,,,,,,
1525,,,,,,,
1526,,,,,,,
1527,,,,,,,
1528,,,,,,,
1529,,,,,,,
1530,,,,,,,
1531,,,,,,,
1532,,,,,,,
1533,,,,,,,
1534,,,,,,,
1535,,,,,,,
1536,,,,,,,
1537,,,,,,,
1538,,,,,,,
1539,,,,,,,
1540,,,,,,,
1541,,,,,,,
1542,,,,,,,
1543,,,,,,,
1544,,,,,,,
1545,,,,,,,
1546,,,,,,,
1547,,,,,,,
1548,,,,,,,
1549,,,,,,,
1550,,,,,,,
1551,,,,,,,
1552,,,,,,,
1553,,,,,,,
1554,,,,,,,
1555,,,,,,,
1556,,,,,,,
1557,,,,,,,
1558,,,,,,,
1559,,,,,,,
1560,,,,,,,
1561,,,,,,,
1562,,,,,,,
1563,,,,,,,
1564,,,,,,,
1565,,,,,,,
1566,,,,,,,
1567,,,,,,,
1568,,,,,,,
1569,,,,,,,
1570,,,,,,,
1571,,,,,,,
1572,,,,,,,
1573,,,,,,,
1574,,,,,,,
1575,,,,,,,
1576,,,,,,,
1577,,,,,,,
1578,,,,,,,
1579,,,,,,,
1580,,,,,,,
1581,,,,,,,
1582,,,,,,,
1583,,,,,,,
1584,,,,,,,
1585,,,,,,,
1586,,,,,,,
1587,,,,,,,
1588,,,,,,,
1589,,,,,,,
1590,,,,,,,
1591,,,,,,,
1592,,,,,,,
1593,,,,,,,
1594,,,,,,,
1595,,,,,,,
1596,,,,,,,
1597,,,,,,,
1598,,,,,,,
1599,,,,,,,
1600,,,,,,,
1601,,,,,,,
1602,,,,,,,
1603,,,,,,,
1604,,,,,,,
1605,,,,,,,
1606,,,,,,,
1607,,,,,,,
1608,,,,,,,
1609,,,,,,,
1610,,,,,,,
1611,,,,,,,
1612,,,,,,,
1613,,,,,,,
1614,,,,,,,
1615,,,,,,,
1616,,,,,,,
1617,,,,,,,
1618,,,,,,,
1619,,,,,,,
1620,,,,,,,
1621,,,,,,,
1622,,,,,,,
1623,,,,,,,
1624,,,,,,,
1625,,,,,,,
1626,,,,,,,
1627,,,,,,,
1628,,,,,,,
1629,,,,,,,
1630,,,,,,,
1631,,,,,,,
1632,,,,,,,
1633,,,,,,,
1634,,,,,,,
1635,,,,,,,
1636,,,,,,,
1637,,,,,,,
1638,,,,,,,
1639,,,,,,,
1640,,,,,,,
1641,,,,,,,
1642,,,,,,,
1643,,,,,,,
1644,,,,,,,
1645,,,,,,,
1646,,,,,,,
1647,,,,,,,
1648,,,,,,,
1649,,,,,,,
1650,,,,,,,
1651,,,,,,,
1652,,,,,,,
1653,,,,,,,
1654,,,,,,,
1655,,,,,,,
1656,,,,,,,
1657,,,,,,,
1658,,,,,,,
1659,,,,,,,
1660,,,,,,,
1661,,,,,,,
1662,,,,,,,
1663,,,,,,,
1664,,,,,,,
1665,,,,,,,
1666,,,,,,,
1667,,,,,,,
1668,,,,,,,
1669,,,,,,,
1670,,,,,,,
1671,,,,,,,
1672,,,,,,,
1673,,,,,,,
1674,,,,,,,
1675,,,,,,,
1676,,,,,,,
1677,,,,,,,
1678,,,,,,,
1679,,,,,,,
1680,,,,,,,
1681,,,,,,,
1682,,,,,,,
1683,,,,,,,
1684,,,,,,,
1685,,,,,,,
1686,,,,,,,
1687,,,,,,,
1688,,,,,,,
1689,,,,,,,
1690,,,,,,,
1691,,,,,,,
1692,,,,,,,
1693,,,,,,,
1694,,,,,,,
1695,,,,,,,
1696,,,,,,,
1697,,,,,,,
1698,,,,,,,
1699,,,,,,,
1700,,,,,,,
1701,,,,,,,
1702,,,,,,,
1703,,,,,,,
1704,,,,,,,
1705,,,,,,,
1706,,,,,,,
1707,,,,,,,
1708,,,,,,,
1709,,,,,,,
1710,,,,,,,
1711,,,,,,,
1712,,,,,,,
1713,,,,,,,
1714,,,,,,,
1715,,,,,,,
1716,,,,,,,
1717,,,,,,,
1718,,,,,,,
1719,,,,,,,
1720,,,,,,,
1721,,,,,,,
1722,,,,,,,
1723,,,,,,,
1724,,,,,,,
1725,,,,,,,
1726,,,,,,,
1727,,,,,,,
1728,,,,,,,
1729,,,,,,,
1730,,,,,,,
1731,,,,,,,
1732,,,,,,,
1733,,,,,,,
1734,,,,,,,
1735,,,,,,,
1736,,,,,,,
1737,,,,,,,
1738,,,,,,,
1739,,,,,,,
1740,,,,,,,
1741,,,,,,,
1742,,,,,,,
1743,,,,,,,
1744,,,,,,,
1745,,,,,,,
1746,,,,,,,
1747,,,,,,,
1748,,,,,,,
1749,,,,,,,
1750,,,,,,,
1751,,,,,,,
1752,,,,,,,
1753,,,,,,,
1754,,,,,,,
1755,,,,,,,
1756,,,,,,,
1757,,,,,,,
1758,,,,,,,
1759,,,,,,,
1760,,,,,,,
1761,,,,,,,
1762,,,,,,,
1763,,,,,,,
1764,,,,,,,
1765,,,,,,,
1766,,,,,,,
1767,,,,,,,
1768,,,,,,,
1769,,,,,,,
1770,,,,,,,
1771,,,,,,,
1772,,,,,,,
1773,,,,,,,
1774,,,,,,,
1775,,,,,,,
1776,,,,,,,
1777,,,,,,,
1778,,,,,,,
1779,,,,,,,
1780,,,,,,,
1781,,,,,,,
1782,,,,,,,
1783,,,,,,,
1784,,,,,,,
1785,,,,,,,
1786,,,,,,,
1787,,,,,,,
1788,,,,,,,
1789,,,,,,,
1790,,,,,,,
1791,,,,,,,
1792,,,,,,,
1793,,,,,,,
1794,,,,,,,
1795,,,,,,,
1796,,,,,,,
1797,,,,,,,
1798,,,,,,,
1799,,,,,,,
1800,,,,,,,
1801,,,,,,,
1802,,,,,,,
1803,,,,,,,
1804,,,,,,,
1805,,,,,,,
1806,,,,,,,
1807,,,,,,,
1808,,,,,,,
1809,,,,,,,
1810,,,,,,,
1811,,,,,,,
1812,,,,,,,
1813,,,,,,,
1814,,,,,,,
1815,,,,,,,
1816,,,,,,,
1817,,,,,,,
1818,,,,,,,
1819,,,,,,,
1820,,,,,,,
1821,,,,,,,
1822,,,,,,,
1823,,,,,,,
1824,,,,,,,
1825,,,,,,,
1826,,,,,,,
1827,,,,,,,
1828,,,,,,,
1829,,,,,,,
1830,,,,,,,
1831,,,,,,,
1832,,,,,,,
1833,,,,,,,
1834,,,,,,,
1835,,,,,,,
1836,,,,,,,
1837,,,,,,,
1838,,,,,,,
1839,,,,,,,
1840,,,,,,,
1841,,,,,,,
1842,,,,,,,
1843,,,,,,,
1844,,,,,,,
1845,,,,,,,
1846,,,,,,,
1847,,,,,,,
1848,,,,,,,
1849,,,,,,,
1850,,,,,,,
1851,,,,,,,
1852,,,,,,,
1853,,,,,,,
1854,,,,,,,
1855,,,,,,,
1856,,,,,,,
1857,,,,,,,
1858,,,,,,,
1859,,,,,,,
1860,,,,,,,
1861,,,,,,,
1862,,,,,,,
1863,,,,,,,
1864,,,,,,,
1865,,,,,,,
1866,,,,,,,
1867,,,,,,,
1868,,,,,,,
1869,,,,,,,
1870,,,,,,,
1871,,,,,,,
1872,,,,,,,
1873,,,,,,,
1874,,,,,,,
1875,,,,,,,
1876,,,,,,,
1877,,,,,,,
1878,,,,,,,
1879,,,,,,,
1880,,,,,,,
1881,,,,,,,
1882,,,,,,,
1883,,,,,,,
1884,,,,,,,
1885,,,,,,,
1886,,,,,,,
1887,,,,,,,
1888,,,,,,,
1889,,,,,,,
1890,,,,,,,
1891,,,,,,,
1892,,,,,,,
1893,,,,,,,
1894,,,,,,,
1895,,,,,,,
1896,,,,,,,
1897,,,,,,,
1898,,,,,,,
1899,,,,,,,
1900,,,,,,,
1901,,,,,,,
1902,,,,,,,
1903,,,,,,,
1904,,,,,,,
1905,,,,,,,
1906,,,,,,,
1907,,,,,,,
1908,,,,,,,
1909,,,,,,,
1910,,,,,,,
1911,,,,,,,
1912,,,,,,,
1913,,,,,,,
1914,,,,,,,
1915,,,,,,,
1916,,,,,,,
1917,,,,,,,
1918,,,,,,,
1919,,,,,,,
1920,,,,,,,
1921,,,,,,,
1922,,,,,,,
1923,,,,,,,
1924,,,,,,,
1925,,,,,,,
1926,,,,,,,
1927,,,,,,,
1928,,,,,,,
